1785733245748,bot0,spawn
1785733245954,bot1,spawn
1785733246360,bot2,spawn
1785733246766,bot0,rtt,17
1785733246946,bot3,spawn
1785733247048,bot1,rtt,90
1785733247379,bot2,rtt,10
1785733247656,bot4,spawn
1785733247838,bot0,rtt,88
1785733248095,bot1,rtt,137
1785733248104,bot3,rtt,158
1785733248289,bot5,spawn
1785733248467,bot2,rtt,98
1785733248871,bot4,rtt,212
1785733248882,bot0,rtt,131
1785733249440,bot6,spawn
1785733249517,bot1,rtt,558
1785733249540,bot3,rtt,593
1785733249542,bot5,rtt,253
1785733249588,bot2,rtt,200
1785733249989,bot0,rtt,224
1785733250014,bot4,rtt,295
1785733250174,bot1,rtt,200
1785733250192,bot3,rtt,219
1785733250607,bot5,rtt,318
1785733250607,bot7,spawn
1785733250665,bot2,rtt,276
1785733250711,bot6,rtt,271
1785733250937,bot0,rtt,156
1785733250959,bot4,rtt,178
1785733251029,bot3,rtt,45
1785733251032,bot1,rtt,48
1785733251415,bot8,spawn
1785733251502,bot5,rtt,213
1785733251968,bot9,spawn
1785733252039,bot2,rtt,623
1785733252070,bot6,rtt,557
1785733252175,bot7,rtt,567
1785733252564,bot0,rtt,783
1785733252586,bot4,rtt,806
1785733253261,bot1,rtt,1176
1785733253263,bot3,rtt,1178
1785733253630,bot5,rtt,1304
1785733253944,bot7,rtt,1327
1785733254145,bot2,rtt,1729
1785733254164,bot6,rtt,1650
1785733254173,bot8,rtt,1758
1785733254661,bot1,rtt,1576
1785733254668,bot3,rtt,1584
1785733254694,bot9,rtt,1632
1785733254986,bot5,rtt,1660
1785733255043,bot0,rtt,2239
1785733255073,bot4,rtt,2269
1785733255475,bot7,rtt,1857
1785733256064,bot9,rtt,1978
1785733256065,bot1,rtt,1978
1785733256066,bot3,rtt,1979
1785733256228,bot2,rtt,2795
1785733256246,bot6,rtt,2733
1785733256257,bot8,rtt,2824
1785733256481,bot5,rtt,2155
1785733256770,bot7,rtt,2153
1785733256793,bot0,rtt,2989
1785733256796,bot4,rtt,2993
1785733257523,bot1,rtt,2420
1785733257524,bot3,rtt,2421
1785733257548,bot9,rtt,2445
1785733257750,bot2,rtt,3310
1785733257778,bot5,rtt,2451
1785733257842,bot6,rtt,3329
1785733257842,bot8,rtt,3402
1785733258363,bot7,rtt,2743
1785733258370,bot0,rtt,3566
1785733258379,bot4,rtt,3576
1785733258922,bot2,rtt,3483
1785733258930,bot6,rtt,3417
1785733258939,bot8,rtt,3500
1785733258961,bot1,rtt,2857
1785733258961,bot3,rtt,2857
1785733258978,bot9,rtt,2874
1785733259133,bot0,rtt,3323
1785733259134,bot4,rtt,3324
1785733259162,bot5,rtt,2836
1785733259368,bot7,rtt,2747
1785733259460,bot8,rtt,3020
1785733259466,bot2,rtt,3026
1785733259525,bot6,rtt,3012
1785733259739,bot4,rtt,2928
1785733259829,bot0,rtt,3018
1785733259877,bot1,rtt,2765
1785733259877,bot3,rtt,2765
1785733259900,bot9,rtt,2788
1785733260124,bot5,rtt,2798
1785733260172,bot8,rtt,2731
1785733260174,bot2,rtt,2732
1785733260174,bot6,rtt,2661
1785733260261,bot0,rtt,2432
1785733260262,bot4,rtt,2433
1785733260448,bot2,rtt,2006
1785733260453,bot6,rtt,1940
1785733260464,bot8,rtt,2023
1785733260467,bot0,rtt,1636
1785733260494,bot7,rtt,2872
1785733260520,bot4,rtt,1690
1785733260555,bot2,rtt,1114
1785733260556,bot6,rtt,1043
1785733260557,bot8,rtt,1116
1785733260628,bot0,rtt,798
1785733260628,bot4,rtt,798
1785733260721,bot2,rtt,252
1785733260725,bot6,rtt,212
1785733260725,bot8,rtt,257
1785733260726,bot1,rtt,2613
1785733260727,bot3,rtt,2614
1785733260731,bot9,rtt,2618
1785733260839,bot0,rtt,9
1785733260840,bot4,rtt,10
1785733260845,bot5,rtt,2517
1785733260955,bot7,rtt,2325
1785733261034,bot3,rtt,1920
1785733261037,bot9,rtt,1925
1785733261038,bot1,rtt,1924
1785733261048,bot5,rtt,1709
1785733261064,bot7,rtt,1433
1785733261141,bot9,rtt,1028
1785733261141,bot3,rtt,1028
1785733261143,bot1,rtt,1030
1785733261155,bot5,rtt,816
1785733261223,bot7,rtt,593
1785733261239,bot3,rtt,126
1785733261240,bot9,rtt,128
1785733261241,bot1,rtt,127
1785733261350,bot5,rtt,10
1785733261526,bot2,rtt,58
1785733261527,bot6,rtt,13
1785733261527,bot8,rtt,59
1785733261640,bot7,rtt,9
1785733261838,bot0,rtt,8
1785733261839,bot4,rtt,9
1785733261961,bot1,respawn
1785733262129,bot3,rtt,16
1785733262129,bot9,rtt,17
1785733262130,bot1,rtt,17
1785733262339,bot3,respawn
1785733262349,bot5,rtt,10
1785733262526,bot2,rtt,57
1785733262528,bot6,rtt,15
1785733262528,bot8,rtt,59
1785733262646,bot7,rtt,16
1785733262844,bot0,rtt,14
1785733262845,bot4,rtt,15
1785733263124,bot9,rtt,11
1785733263126,bot1,rtt,13
1785733263126,bot3,rtt,13
1785733263422,bot5,rtt,75
1785733263476,bot8,rtt,7
1785733263477,bot2,rtt,8
1785733263532,bot6,rtt,19
1785733263636,bot7,rtt,6
1785733263837,bot4,rtt,7
1785733263837,bot0,rtt,7
1785733264125,bot3,rtt,11
1785733264126,bot9,rtt,12
1785733264127,bot1,rtt,13
1785733264362,bot5,rtt,16
1785733264476,bot2,rtt,7
1785733264477,bot8,rtt,8
1785733264530,bot6,rtt,7
1785733264637,bot7,rtt,7
1785733264838,bot0,rtt,7
1785733264839,bot4,rtt,9
1785733265126,bot9,rtt,12
1785733265132,bot1,rtt,18
1785733265137,bot3,rtt,23
1785733265357,bot5,rtt,11
1785733265477,bot2,rtt,8
1785733265478,bot8,rtt,9
1785733265532,bot6,rtt,9
1785733265637,bot7,rtt,7
1785733265837,bot4,rtt,7
1785733265839,bot0,rtt,8
1785733266120,bot9,rtt,7
1785733266121,bot1,rtt,7
1785733266121,bot3,rtt,7
1785733266360,bot5,rtt,14
1785733266475,bot8,rtt,6
1785733266475,bot2,rtt,6
1785733266529,bot6,rtt,6
1785733266636,bot7,rtt,6
1785733266837,bot4,rtt,7
1785733266838,bot0,rtt,7
1785733267124,bot9,rtt,8
1785733267125,bot1,rtt,9
1785733267125,bot3,rtt,9
1785733267356,bot5,rtt,10
1785733267477,bot2,rtt,7
1785733267478,bot8,rtt,8
1785733267530,bot6,rtt,7
1785733267637,bot7,rtt,6
1785733267836,bot4,rtt,6
1785733267837,bot0,rtt,7
1785733268129,bot9,rtt,7
1785733268130,bot1,rtt,8
1785733268130,bot3,rtt,8
1785733268354,bot5,rtt,8
1785733268477,bot8,rtt,7
1785733268477,bot2,rtt,7
1785733268530,bot6,rtt,7
1785733268672,bot7,rtt,41
1785733268837,bot0,rtt,6
1785733268838,bot4,rtt,7
1785733269139,bot9,rtt,17
1785733269139,bot1,rtt,17
1785733269145,bot3,rtt,23
1785733269356,bot5,rtt,9
1785733269478,bot2,rtt,7
1785733269479,bot8,rtt,8
1785733269530,bot6,rtt,8
1785733269637,bot7,rtt,6
1785733269836,bot4,rtt,6
1785733269837,bot0,rtt,6
1785733270129,bot9,rtt,6
1785733270129,bot3,rtt,6
1785733270130,bot1,rtt,7
1785733270421,bot5,rtt,74
1785733270479,bot2,rtt,7
1785733270479,bot8,rtt,7
1785733270529,bot6,rtt,7
1785733270638,bot7,rtt,7
1785733270838,bot0,rtt,7
1785733270840,bot4,rtt,10
1785733271131,bot9,rtt,9
1785733271132,bot3,rtt,10
1785733271132,bot1,rtt,8
1785733271354,bot5,rtt,6
1785733271480,bot2,rtt,7
1785733271480,bot8,rtt,7
1785733271530,bot6,rtt,8
1785733271638,bot7,rtt,6
1785733271837,bot4,rtt,7
1785733271838,bot0,rtt,7
1785733272131,bot1,rtt,8
1785733272132,bot3,rtt,10
1785733272146,bot9,rtt,24
1785733272357,bot5,rtt,10
1785733272480,bot2,rtt,7
1785733272480,bot8,rtt,7
1785733272529,bot6,rtt,7
1785733272638,bot7,rtt,7
1785733272837,bot4,rtt,7
1785733272837,bot0,rtt,6
1785733273133,bot9,rtt,11
1785733273133,bot1,rtt,10
1785733273133,bot3,rtt,11
1785733273356,bot5,rtt,9
1785733273528,bot2,rtt,54
1785733273528,bot8,rtt,54
1785733273529,bot6,rtt,6
1785733273637,bot7,rtt,6
1785733273841,bot0,rtt,10
1785733273850,bot4,rtt,19
1785733274129,bot9,rtt,7
1785733274130,bot3,rtt,8
1785733274134,bot1,rtt,11
1785733274359,bot5,rtt,11
1785733274529,bot2,rtt,54
1785733274529,bot6,rtt,6
1785733274529,bot8,rtt,55
1785733274639,bot7,rtt,8
1785733274838,bot0,rtt,6
1785733274838,bot4,rtt,6
1785733275133,bot9,rtt,10
1785733275133,bot1,rtt,10
1785733275133,bot3,rtt,10
1785733275356,bot5,rtt,8
1785733275481,bot2,rtt,6
1785733275481,bot8,rtt,7
1785733275530,bot6,rtt,6
1785733275639,bot7,rtt,7
1785733275838,bot4,rtt,7
1785733275839,bot0,rtt,6
1785733276131,bot9,rtt,7
1785733276131,bot1,rtt,7
1785733276131,bot3,rtt,7
1785733276354,bot5,rtt,7
1785733276481,bot2,rtt,7
1785733276482,bot8,rtt,8
1785733276532,bot6,rtt,8
1785733276644,bot7,rtt,12
1785733276838,bot4,rtt,7
1785733276841,bot0,rtt,7
1785733277133,bot9,rtt,8
1785733277133,bot1,rtt,8
1785733277133,bot3,rtt,8
1785733277354,bot5,rtt,7
1785733277482,bot2,rtt,8
1785733277483,bot8,rtt,9
1785733277531,bot6,rtt,7
1785733277638,bot7,rtt,6
1785733277840,bot4,rtt,8
1785733277843,bot0,rtt,9
1785733278132,bot9,rtt,7
1785733278132,bot3,rtt,6
1785733278134,bot1,rtt,8
1785733278356,bot5,rtt,6
1785733278480,bot8,rtt,6
1785733278480,bot2,rtt,6
1785733278531,bot6,rtt,7
1785733278641,bot7,rtt,9
1785733278838,bot4,rtt,6
1785733278845,bot0,rtt,11
1785733279132,bot9,rtt,7
1785733279132,bot1,rtt,7
1785733279132,bot3,rtt,7
1785733279356,bot5,rtt,6
1785733279481,bot8,rtt,7
1785733279481,bot2,rtt,7
1785733279531,bot6,rtt,7
1785733279638,bot7,rtt,6
1785733279839,bot4,rtt,7
1785733279840,bot0,rtt,7
1785733280133,bot3,rtt,7
1785733280133,bot9,rtt,7
1785733280134,bot1,rtt,8
1785733280359,bot5,rtt,6
1785733280481,bot2,rtt,7
1785733280482,bot8,rtt,8
1785733280531,bot6,rtt,7
1785733280640,bot7,rtt,7
1785733280839,bot4,rtt,7
1785733280852,bot0,rtt,18
1785733281131,bot9,rtt,6
1785733281132,bot3,rtt,6
1785733281133,bot1,rtt,7
1785733281359,bot5,rtt,7
1785733281482,bot2,rtt,8
1785733281483,bot8,rtt,9
1785733281531,bot6,rtt,7
1785733281643,bot7,rtt,10
1785733281851,bot0,rtt,17
1785733281857,bot4,rtt,23
1785733282135,bot9,rtt,10
1785733282136,bot3,rtt,10
1785733282136,bot1,rtt,10
1785733282359,bot5,rtt,7
1785733282482,bot2,rtt,7
1785733282483,bot8,rtt,8
1785733282532,bot6,rtt,7
1785733282642,bot7,rtt,9
1785733282845,bot0,rtt,11
1785733282846,bot4,rtt,12
1785733283132,bot9,rtt,7
1785733283133,bot3,rtt,7
1785733283134,bot1,rtt,8
1785733283359,bot5,rtt,7
1785733283482,bot2,rtt,7
1785733283482,bot8,rtt,7
1785733283532,bot6,rtt,7
1785733283639,bot7,rtt,6
1785733283846,bot0,rtt,11
1785733283847,bot4,rtt,12
1785733284133,bot9,rtt,8
1785733284133,bot1,rtt,7
1785733284133,bot3,rtt,7
1785733284359,bot5,rtt,7
1785733284482,bot8,rtt,7
1785733284482,bot2,rtt,6
1785733284532,bot6,rtt,7
1785733284647,bot7,rtt,13
1785733284843,bot0,rtt,7
1785733284844,bot4,rtt,9
1785733285133,bot9,rtt,7
1785733285133,bot1,rtt,7
1785733285133,bot3,rtt,7
1785733285359,bot5,rtt,7
1785733285482,bot2,rtt,6
1785733285483,bot8,rtt,7
1785733285531,bot6,rtt,6
1785733285647,bot7,rtt,13
1785733285845,bot0,rtt,10
1785733285845,bot4,rtt,10
1785733286135,bot9,rtt,9
1785733286136,bot1,rtt,9
1785733286136,bot3,rtt,9
1785733286358,bot5,rtt,6
1785733286484,bot2,rtt,7
1785733286484,bot8,rtt,7
1785733286531,bot6,rtt,6
1785733286639,bot7,rtt,6
1785733286845,bot0,rtt,9
1785733286845,bot4,rtt,9
1785733287132,bot9,rtt,6
1785733287133,bot3,rtt,6
1785733287136,bot1,rtt,9
1785733287359,bot5,rtt,7
1785733287483,bot8,rtt,6
1785733287484,bot2,rtt,7
1785733287532,bot6,rtt,6
1785733287643,bot7,rtt,10
1785733287845,bot0,rtt,9
1785733287846,bot4,rtt,10
1785733288132,bot9,rtt,6
1785733288135,bot1,rtt,7
1785733288135,bot3,rtt,7
1785733288362,bot5,rtt,6
1785733288485,bot2,rtt,8
1785733288490,bot8,rtt,13
1785733288536,bot6,rtt,10
1785733288537,bot0,respawn
1785733288650,bot7,rtt,17
1785733288850,bot4,rtt,14
1785733288855,bot0,rtt,19
1785733289132,bot9,rtt,7
1785733289136,bot1,rtt,7
1785733289136,bot3,rtt,7
1785733289362,bot5,rtt,7
1785733289485,bot2,rtt,7
1785733289485,bot8,rtt,7
1785733289533,bot6,rtt,7
1785733289644,bot7,rtt,10
1785733289860,bot4,rtt,23
1785733289865,bot0,rtt,28
1785733290133,bot9,rtt,7
1785733290135,bot3,rtt,6
1785733290137,bot1,rtt,7
1785733290362,bot5,rtt,7
1785733290484,bot2,rtt,7
1785733290486,bot8,rtt,9
1785733290533,bot6,rtt,7
1785733290648,bot7,rtt,15
1785733290849,bot4,rtt,12
1785733290854,bot0,rtt,16
1785733291135,bot9,rtt,9
1785733291137,bot1,rtt,6
1785733291138,bot3,rtt,10
1785733291380,bot5,rtt,25
1785733291488,bot2,rtt,10
1785733291488,bot8,rtt,10
1785733291533,bot6,rtt,7
1785733291643,bot7,rtt,10
1785733291845,bot4,rtt,8
1785733291849,bot0,rtt,12
1785733292132,bot9,rtt,6
1785733292135,bot3,rtt,7
1785733292139,bot1,rtt,7
1785733292367,bot5,rtt,7
1785733292483,bot8,rtt,6
1785733292484,bot2,rtt,6
1785733292533,bot6,rtt,7
1785733292650,bot7,rtt,17
1785733292848,bot4,rtt,10
1785733292853,bot0,rtt,15
1785733293134,bot9,rtt,7
1785733293135,bot3,rtt,6
1785733293137,bot1,rtt,6
1785733293367,bot5,rtt,7
1785733293536,bot2,rtt,58
1785733293543,bot6,rtt,17
1785733293543,bot8,rtt,66
1785733293641,bot7,rtt,7
1785733293856,bot0,rtt,18
1785733293857,bot4,rtt,19
1785733294137,bot9,rtt,11
1785733294138,bot1,rtt,7
1785733294138,bot3,rtt,9
1785733294367,bot5,rtt,6
1785733294485,bot8,rtt,7
1785733294488,bot2,rtt,10
1785733294533,bot6,rtt,7
1785733294646,bot7,rtt,12
1785733294847,bot4,rtt,10
1785733294854,bot0,rtt,16
1785733295133,bot9,rtt,7
1785733295136,bot3,rtt,7
1785733295138,bot1,rtt,6
1785733295366,bot5,rtt,6
1785733295484,bot8,rtt,6
1785733295485,bot2,rtt,7
1785733295533,bot6,rtt,6
1785733295644,bot7,rtt,10
1785733295844,bot4,rtt,7
1785733295845,bot0,rtt,7
1785733296132,bot9,rtt,6
1785733296136,bot3,rtt,7
1785733296137,bot1,rtt,6
1785733296366,bot5,rtt,6
1785733296484,bot2,rtt,6
1785733296485,bot8,rtt,7
1785733296533,bot6,rtt,6
1785733296645,bot7,rtt,11
1785733296847,bot4,rtt,9
1785733296848,bot0,rtt,10
1785733297134,bot9,rtt,7
1785733297135,bot3,rtt,6
1785733297137,bot1,rtt,6
1785733297366,bot5,rtt,6
1785733297485,bot2,rtt,6
1785733297487,bot8,rtt,8
1785733297534,bot6,rtt,7
1785733297644,bot7,rtt,10
1785733297846,bot4,rtt,9
1785733297847,bot0,rtt,8
1785733298137,bot9,rtt,11
1785733298137,bot1,rtt,6
1785733298138,bot3,rtt,8
1785733298367,bot5,rtt,7
1785733298484,bot8,rtt,6
1785733298485,bot2,rtt,7
1785733298534,bot6,rtt,7
1785733298647,bot7,rtt,13
1785733298850,bot4,rtt,13
1785733298851,bot0,rtt,13
1785733299135,bot9,rtt,9
1785733299135,bot3,rtt,6
1785733299137,bot1,rtt,6
1785733299367,bot5,rtt,6
1785733299486,bot2,rtt,7
1785733299486,bot8,rtt,7
1785733299534,bot6,rtt,7
1785733299644,bot7,rtt,9
1785733299845,bot4,rtt,8
1785733299846,bot0,rtt,7
1785733300134,bot9,rtt,8
1785733300136,bot3,rtt,7
1785733300138,bot1,rtt,7
1785733300367,bot5,rtt,6
1785733300485,bot8,rtt,7
1785733300487,bot2,rtt,7
1785733300533,bot6,rtt,6
1785733300647,bot7,rtt,13
1785733300846,bot4,rtt,9
1785733300846,bot0,rtt,7
1785733301133,bot9,rtt,7
1785733301135,bot3,rtt,6
1785733301138,bot1,rtt,7
1785733301368,bot5,rtt,7
1785733301485,bot8,rtt,6
1785733301486,bot2,rtt,6
1785733301533,bot6,rtt,6
1785733301661,bot7,rtt,27
1785733301845,bot4,rtt,7
1785733301846,bot0,rtt,7
1785733302133,bot9,rtt,7
1785733302136,bot3,rtt,7
1785733302137,bot1,rtt,6
1785733302368,bot5,rtt,6
1785733302484,bot8,rtt,6
1785733302486,bot2,rtt,6
1785733302533,bot6,rtt,6
1785733302649,bot7,rtt,15
1785733302845,bot4,rtt,8
1785733302846,bot0,rtt,7
1785733303134,bot9,rtt,8
1785733303137,bot3,rtt,8
1785733303137,bot1,rtt,6
1785733303369,bot5,rtt,7
1785733303485,bot8,rtt,7
1785733303486,bot2,rtt,6
1785733303534,bot6,rtt,6
1785733303644,bot7,rtt,10
1785733303848,bot4,rtt,11
1785733303850,bot0,rtt,11
1785733304133,bot9,rtt,6
1785733304135,bot3,rtt,6
1785733304137,bot1,rtt,6
1785733304265,bot9,respawn
1785733304368,bot5,rtt,6
1785733304485,bot8,rtt,6
1785733304488,bot2,rtt,7
1785733304535,bot6,rtt,6
1785733304648,bot7,rtt,14
1785733304846,bot4,rtt,8
1785733304847,bot0,rtt,8
1785733305138,bot1,rtt,7
1785733305138,bot3,rtt,8
1785733305138,bot9,rtt,11
1785733305370,bot5,rtt,7
1785733305485,bot8,rtt,6
1785733305487,bot2,rtt,6
1785733305535,bot6,rtt,6
1785733305652,bot7,rtt,17
1785733305844,bot4,rtt,7
1785733305854,bot0,rtt,15
1785733306134,bot9,rtt,8
1785733306137,bot3,rtt,8
1785733306138,bot1,rtt,6
1785733306369,bot5,rtt,7
1785733306487,bot8,rtt,8
1785733306487,bot2,rtt,6
1785733306535,bot6,rtt,6
1785733306649,bot7,rtt,14
1785733306847,bot4,rtt,10
1785733306848,bot0,rtt,8
1785733307134,bot9,rtt,8
1785733307136,bot3,rtt,6
1785733307139,bot1,rtt,6
1785733307369,bot5,rtt,6
1785733307485,bot8,rtt,6
1785733307487,bot2,rtt,6
1785733307535,bot6,rtt,6
1785733307648,bot7,rtt,13
1785733307847,bot4,rtt,10
1785733307848,bot0,rtt,7
1785733308133,bot9,rtt,7
1785733308136,bot3,rtt,6
1785733308138,bot1,rtt,6
1785733308370,bot5,rtt,7
1785733308487,bot8,rtt,8
1785733308489,bot2,rtt,8
1785733308535,bot6,rtt,6
1785733308647,bot7,rtt,12
1785733308847,bot4,rtt,10
1785733308848,bot0,rtt,7
1785733309133,bot9,rtt,7
1785733309136,bot3,rtt,6
1785733309138,bot1,rtt,6
1785733309370,bot5,rtt,7
1785733309486,bot8,rtt,7
1785733309488,bot2,rtt,6
1785733309536,bot6,rtt,7
1785733309648,bot7,rtt,13
1785733309847,bot4,rtt,9
1785733309848,bot0,rtt,7
1785733310134,bot9,rtt,7
1785733310136,bot3,rtt,6
1785733310139,bot1,rtt,7
1785733310370,bot5,rtt,6
1785733310486,bot8,rtt,7
1785733310487,bot2,rtt,6
1785733310536,bot6,rtt,6
1785733310648,bot7,rtt,13
1785733310847,bot4,rtt,10
1785733310849,bot0,rtt,7
1785733311135,bot9,rtt,7
1785733311136,bot3,rtt,6
1785733311145,bot1,rtt,12
1785733311369,bot5,rtt,6
1785733311486,bot8,rtt,7
1785733311487,bot2,rtt,6
1785733311537,bot6,rtt,7
1785733311646,bot7,rtt,10
1785733311861,bot4,rtt,24
1785733311862,bot0,rtt,21
1785733312136,bot3,rtt,6
1785733312136,bot9,rtt,7
1785733312138,bot1,rtt,6
1785733312369,bot5,rtt,6
1785733312486,bot8,rtt,6
1785733312488,bot2,rtt,6
1785733312537,bot6,rtt,7
1785733312644,bot7,rtt,8
1785733312846,bot4,rtt,9
1785733312848,bot0,rtt,7
1785733313137,bot9,rtt,7
1785733313138,bot3,rtt,7
1785733313138,bot1,rtt,6
1785733313371,bot5,rtt,8
1785733313486,bot8,rtt,6
1785733313488,bot2,rtt,5
1785733313536,bot6,rtt,6
1785733313646,bot7,rtt,11
1785733313846,bot4,rtt,8
1785733313850,bot0,rtt,9
1785733314137,bot9,rtt,7
1785733314138,bot3,rtt,6
1785733314138,bot1,rtt,6
1785733314371,bot5,rtt,7
1785733314486,bot8,rtt,6
1785733314488,bot2,rtt,6
1785733314537,bot6,rtt,7
1785733314646,bot7,rtt,11
1785733314845,bot4,rtt,6
1785733314848,bot0,rtt,6
1785733315135,bot9,rtt,6
1785733315137,bot3,rtt,6
1785733315138,bot1,rtt,6
1785733315373,bot5,rtt,9
1785733315487,bot8,rtt,6
1785733315488,bot2,rtt,6
1785733315542,bot6,rtt,11
1785733315644,bot7,rtt,9
1785733315848,bot4,rtt,9
1785733315849,bot0,rtt,7
1785733316136,bot9,rtt,7
1785733316137,bot3,rtt,5
1785733316138,bot1,rtt,6
1785733316372,bot5,rtt,7
1785733316550,bot2,rtt,67
1785733316551,bot6,rtt,19
1785733316551,bot8,rtt,71
1785733316651,bot7,rtt,11
1785733316847,bot4,rtt,8
1785733316855,bot0,rtt,11
1785733317147,bot1,rtt,12
1785733317147,bot3,rtt,12
1785733317148,bot9,rtt,13
1785733317429,bot5,rtt,64
1785733317524,bot2,rtt,41
1785733317525,bot8,rtt,45
1785733317548,bot6,rtt,15
1785733317653,bot7,rtt,13
1785733317849,bot4,rtt,11
1785733317852,bot0,rtt,8
1785733318146,bot1,rtt,10
1785733318147,bot3,rtt,11
1785733318147,bot9,rtt,11
1785733318357,bot2,respawn
1785733318430,bot5,rtt,65
1785733318520,bot8,rtt,40
1785733318521,bot2,rtt,38
1785733318539,bot6,rtt,6
1785733318646,bot7,rtt,6
1785733318856,bot4,rtt,18
1785733318922,bot0,rtt,77
1785733319150,bot1,rtt,14
1785733319151,bot3,rtt,15
1785733319151,bot9,rtt,15
1785733319434,bot5,rtt,69
1785733319539,bot8,rtt,59
1785733319553,bot2,rtt,70
1785733319555,bot6,rtt,22
1785733319649,bot7,rtt,9
1785733319850,bot4,rtt,8
1785733319851,bot0,rtt,7
1785733320146,bot3,rtt,9
1785733320152,bot1,rtt,15
1785733320152,bot9,rtt,15
1785733320427,bot5,rtt,59
1785733320525,bot8,rtt,45
1785733320537,bot2,rtt,53
1785733320554,bot6,rtt,17
1785733320647,bot7,rtt,7
1785733321034,bot4,rtt,179
1785733321035,bot0,rtt,180
1785733321152,bot3,rtt,15
1785733321152,bot9,rtt,15
1785733321157,bot1,rtt,20
1785733321429,bot5,rtt,61
1785733321526,bot8,rtt,46
1785733321528,bot2,rtt,43
1785733321546,bot6,rtt,10
1785733321652,bot7,rtt,12
1785733321925,bot4,rtt,70
1785733321936,bot0,rtt,81
1785733322145,bot1,rtt,8
1785733322145,bot3,rtt,8
1785733322146,bot9,rtt,9
1785733322421,bot5,rtt,53
1785733322531,bot8,rtt,51
1785733322536,bot2,rtt,52
1785733322620,bot6,rtt,84
1785733322650,bot7,rtt,10
1785733322946,bot4,rtt,90
1785733322947,bot0,rtt,91
1785733323146,bot3,rtt,9
1785733323146,bot9,rtt,9
1785733323147,bot1,rtt,10
1785733323433,bot5,rtt,65
1785733323528,bot8,rtt,48
1785733323530,bot2,rtt,45
1785733323559,bot6,rtt,23
1785733323649,bot7,rtt,8
1785733323925,bot4,rtt,56
1785733323925,bot0,rtt,57
1785733324145,bot1,rtt,8
1785733324145,bot3,rtt,8
1785733324146,bot9,rtt,9
1785733324428,bot5,rtt,59
1785733324557,bot2,rtt,71
1785733324557,bot6,rtt,21
1785733324557,bot8,rtt,77
1785733324662,bot7,rtt,17
1785733324941,bot4,rtt,73
1785733324941,bot0,rtt,73
1785733325147,bot1,rtt,10
1785733325148,bot3,rtt,11
1785733325148,bot9,rtt,11
1785733325428,bot5,rtt,59
1785733325526,bot8,rtt,45
1785733325541,bot2,rtt,56
1785733325549,bot6,rtt,8
1785733325655,bot7,rtt,11
1785733325923,bot0,rtt,55
1785733325924,bot4,rtt,56
1785733326144,bot1,rtt,7
1785733326145,bot3,rtt,8
1785733326145,bot9,rtt,8
1785733326428,bot5,rtt,59
1785733326524,bot8,rtt,42
1785733326524,bot2,rtt,38
1785733326550,bot6,rtt,9
1785733326653,bot7,rtt,9
1785733326929,bot4,rtt,60
1785733326930,bot0,rtt,61
1785733327145,bot1,rtt,8
1785733327145,bot3,rtt,8
1785733327145,bot9,rtt,8
1785733327423,bot5,rtt,53
1785733327529,bot8,rtt,47
1785733327530,bot2,rtt,43
1785733327549,bot6,rtt,8
1785733327653,bot7,rtt,8
1785733327928,bot4,rtt,59
1785733327929,bot0,rtt,60
1785733328144,bot1,rtt,6
1785733328145,bot3,rtt,7
1785733328145,bot9,rtt,7
1785733328376,bot5,rtt,7
1785733328488,bot8,rtt,7
1785733328495,bot2,rtt,8
1785733328548,bot6,rtt,7
1785733328658,bot7,rtt,13
1785733328876,bot4,rtt,6
1785733328878,bot0,rtt,8
1785733329148,bot1,rtt,9
1785733329148,bot3,rtt,9
1785733329149,bot9,rtt,10
1785733329376,bot5,rtt,6
1785733329490,bot8,rtt,9
1785733329494,bot2,rtt,6
1785733329548,bot6,rtt,7
1785733329651,bot7,rtt,6
1785733329875,bot4,rtt,6
1785733329877,bot0,rtt,7
1785733330148,bot1,rtt,9
1785733330148,bot9,rtt,9
1785733330150,bot3,rtt,11
1785733330378,bot5,rtt,9
1785733330489,bot8,rtt,8
1785733330496,bot2,rtt,9
1785733330547,bot6,rtt,6
1785733330652,bot7,rtt,7
1785733330877,bot4,rtt,8
1785733330878,bot0,rtt,8
1785733331151,bot3,rtt,11
1785733331151,bot9,rtt,13
1785733331152,bot1,rtt,12
1785733331377,bot5,rtt,7
1785733331488,bot8,rtt,7
1785733331496,bot2,rtt,9
1785733331550,bot6,rtt,8
1785733331652,bot7,rtt,6
1785733331877,bot4,rtt,8
1785733331879,bot0,rtt,8
1785733332149,bot1,rtt,8
1785733332149,bot3,rtt,8
1785733332149,bot9,rtt,11
1785733332377,bot5,rtt,7
1785733332489,bot8,rtt,7
1785733332505,bot2,rtt,18
1785733332553,bot6,rtt,11
1785733332652,bot7,rtt,7
1785733332875,bot4,rtt,6
1785733332876,bot0,rtt,6
1785733333146,bot9,rtt,8
1785733333149,bot1,rtt,7
1785733333149,bot3,rtt,7
1785733333427,bot5,rtt,56
1785733333489,bot8,rtt,7
1785733333496,bot2,rtt,9
1785733333548,bot6,rtt,6
1785733333654,bot7,rtt,9
1785733333875,bot4,rtt,6
1785733333876,bot0,rtt,6
1785733334148,bot9,rtt,10
1785733334149,bot1,rtt,7
1785733334149,bot3,rtt,7
1785733334379,bot5,rtt,9
1785733334490,bot8,rtt,8
1785733334497,bot2,rtt,9
1785733334548,bot6,rtt,7
1785733334655,bot7,rtt,9
1785733334877,bot4,rtt,7
1785733334878,bot0,rtt,8
1785733335149,bot9,rtt,10
1785733335150,bot1,rtt,7
1785733335160,bot3,rtt,17
1785733335377,bot5,rtt,7
1785733335497,bot8,rtt,15
1785733335498,bot2,rtt,10
1785733335549,bot6,rtt,8
1785733335653,bot7,rtt,7
1785733335875,bot4,rtt,6
1785733335878,bot0,rtt,6
1785733336145,bot9,rtt,7
1785733336151,bot1,rtt,7
1785733336151,bot3,rtt,7
1785733336380,bot5,rtt,9
1785733336488,bot8,rtt,6
1785733336498,bot2,rtt,10
1785733336552,bot6,rtt,11
1785733336654,bot7,rtt,8
1785733336876,bot4,rtt,7
1785733336879,bot0,rtt,7
1785733337147,bot9,rtt,8
1785733337152,bot1,rtt,7
1785733337152,bot3,rtt,9
1785733337377,bot5,rtt,7
1785733337488,bot8,rtt,6
1785733337509,bot2,rtt,22
1785733337548,bot6,rtt,7
1785733337656,bot7,rtt,9
1785733337863,bot1,respawn
1785733337920,bot4,rtt,51
1785733337921,bot0,rtt,49
1785733338146,bot9,rtt,8
1785733338150,bot3,rtt,7
1785733338151,bot1,rtt,6
1785733338377,bot5,rtt,7
1785733338489,bot8,rtt,7
1785733338495,bot2,rtt,7
1785733338549,bot6,rtt,8
1785733338659,bot7,rtt,12
1785733338875,bot4,rtt,6
1785733338880,bot0,rtt,7
1785733339154,bot3,rtt,11
1785733339154,bot9,rtt,15
1785733339160,bot1,rtt,15
1785733339377,bot5,rtt,7
1785733339488,bot8,rtt,6
1785733339499,bot2,rtt,10
1785733339554,bot6,rtt,13
1785733339655,bot7,rtt,7
1785733339880,bot4,rtt,11
1785733339881,bot0,rtt,8
1785733340151,bot3,rtt,8
1785733340151,bot9,rtt,11
1785733340152,bot1,rtt,7
1785733340378,bot5,rtt,7
1785733340489,bot8,rtt,7
1785733340496,bot2,rtt,8
1785733340550,bot6,rtt,8
1785733340660,bot7,rtt,11
1785733340876,bot4,rtt,6
1785733340881,bot0,rtt,7
1785733341150,bot9,rtt,11
1785733341156,bot3,rtt,13
1785733341156,bot1,rtt,11
1785733341379,bot5,rtt,9
1785733341488,bot8,rtt,6
1785733341500,bot2,rtt,12
1785733341551,bot6,rtt,9
1785733341657,bot7,rtt,9
1785733341879,bot4,rtt,9
1785733341925,bot0,rtt,52
1785733342146,bot9,rtt,7
1785733342158,bot3,rtt,14
1785733342159,bot1,rtt,14
1785733342377,bot5,rtt,7
1785733342489,bot8,rtt,6
1785733342497,bot2,rtt,9
1785733342550,bot6,rtt,8
1785733342655,bot7,rtt,7
1785733342877,bot4,rtt,6
1785733342879,bot0,rtt,6
1785733343155,bot9,rtt,16
1785733343158,bot3,rtt,14
1785733343160,bot1,rtt,6
1785733343377,bot5,rtt,6
1785733343491,bot8,rtt,9
1785733343499,bot2,rtt,10
1785733343550,bot6,rtt,7
1785733343657,bot7,rtt,8
1785733343843,bot0,respawn
1785733343933,bot4,rtt,63
1785733343934,bot0,rtt,61
1785733344159,bot3,rtt,14
1785733344159,bot9,rtt,20
1785733344166,bot1,rtt,7
1785733344379,bot5,rtt,7
1785733344491,bot8,rtt,9
1785733344506,bot2,rtt,16
1785733344557,bot6,rtt,15
1785733344660,bot7,rtt,12
1785733344876,bot4,rtt,6
1785733344879,bot0,rtt,6
1785733345151,bot9,rtt,12
1785733345151,bot3,rtt,6
1785733345166,bot1,rtt,7
1785733345379,bot5,rtt,7
1785733345498,bot8,rtt,16
1785733345499,bot2,rtt,8
1785733345554,bot6,rtt,12
1785733345655,bot7,rtt,7
1785733345877,bot4,rtt,7
1785733345880,bot0,rtt,6
1785733346146,bot9,rtt,7
1785733346157,bot3,rtt,11
1785733346167,bot1,rtt,8
1785733346430,bot5,rtt,57
1785733346489,bot8,rtt,7
1785733346500,bot2,rtt,8
1785733346549,bot6,rtt,7
1785733346655,bot7,rtt,7
1785733346877,bot4,rtt,6
1785733346879,bot0,rtt,6
1785733347147,bot9,rtt,8
1785733347157,bot3,rtt,11
1785733347166,bot1,rtt,6
1785733347379,bot5,rtt,6
1785733347489,bot8,rtt,7
1785733347501,bot2,rtt,9
1785733347550,bot6,rtt,8
1785733347656,bot7,rtt,8
1785733347938,bot4,rtt,67
1785733347947,bot0,rtt,73
1785733348150,bot9,rtt,11
1785733348159,bot3,rtt,11
1785733348230,bot1,rtt,70
1785733348421,bot5,rtt,47
1785733348527,bot8,rtt,45
1785733348527,bot2,rtt,34
1785733348559,bot6,rtt,16
1785733348661,bot7,rtt,12
1785733348939,bot4,rtt,65
1785733348946,bot0,rtt,72
1785733349152,bot9,rtt,10
1785733349157,bot3,rtt,9
1785733349169,bot1,rtt,9
1785733349379,bot5,rtt,6
1785733349489,bot8,rtt,7
1785733349508,bot2,rtt,15
1785733349557,bot6,rtt,14
1785733349566,bot9,respawn
1785733349655,bot7,rtt,7
1785733349933,bot4,rtt,58
1785733349939,bot0,rtt,64
1785733350154,bot9,rtt,12
1785733350159,bot3,rtt,10
1785733350171,bot1,rtt,11
1785733350468,bot5,rtt,95
1785733350544,bot8,rtt,61
1785733350544,bot2,rtt,52
1785733350620,bot6,rtt,63
1785733350750,bot7,rtt,101
1785733350926,bot4,rtt,45
1785733350934,bot0,rtt,53
1785733351156,bot9,rtt,9
1785733351164,bot3,rtt,10
1785733351172,bot1,rtt,11
1785733351383,bot5,rtt,9
1785733351527,bot8,rtt,43
1785733351546,bot2,rtt,54
1785733351572,bot6,rtt,12
1785733351666,bot7,rtt,17
1785733351931,bot4,rtt,50
1785733351931,bot0,rtt,50
1785733352221,bot3,rtt,60
1785733352221,bot1,rtt,60
1785733352222,bot9,rtt,61
1785733352433,bot5,rtt,54
1785733352544,bot8,rtt,61
1785733352544,bot2,rtt,52
1785733352570,bot6,rtt,10
1785733352665,bot7,rtt,10
1785733352924,bot4,rtt,42
1785733352934,bot0,rtt,52
1785733353226,bot3,rtt,61
1785733353226,bot9,rtt,61
1785733353241,bot1,rtt,76
1785733353426,bot5,rtt,47
1785733353534,bot8,rtt,50
1785733353537,bot2,rtt,45
1785733353569,bot6,rtt,10
1785733353661,bot7,rtt,7
1785733353890,bot0,rtt,8
1785733353900,bot4,rtt,18
1785733354175,bot3,rtt,10
1785733354176,bot1,rtt,11
1785733354176,bot9,rtt,11
1785733354386,bot5,rtt,7
1785733354496,bot8,rtt,12
1785733354502,bot2,rtt,10
1785733354567,bot6,rtt,7
1785733354667,bot7,rtt,10
1785733354943,bot4,rtt,61
1785733354954,bot0,rtt,72
1785733355175,bot3,rtt,9
1785733355176,bot1,rtt,10
1785733355176,bot9,rtt,10
1785733355387,bot5,rtt,8
1785733355496,bot8,rtt,12
1785733355501,bot2,rtt,9
1785733355568,bot6,rtt,8
1785733355665,bot7,rtt,8
1785733355890,bot4,rtt,8
1785733355897,bot0,rtt,15
1785733356173,bot3,rtt,6
1785733356173,bot9,rtt,8
1785733356175,bot1,rtt,8
1785733356386,bot5,rtt,7
1785733356497,bot8,rtt,13
1785733356500,bot2,rtt,8
1785733356567,bot6,rtt,7
1785733356664,bot7,rtt,7
1785733356896,bot4,rtt,13
1785733356897,bot0,rtt,14
1785733357174,bot3,rtt,7
1785733357175,bot1,rtt,8
1785733357175,bot9,rtt,10
1785733357385,bot5,rtt,6
1785733357496,bot8,rtt,11
1785733357500,bot2,rtt,8
1785733357570,bot6,rtt,9
1785733357665,bot7,rtt,7
1785733357891,bot0,rtt,7
1785733357899,bot4,rtt,16
1785733358173,bot3,rtt,6
1785733358173,bot9,rtt,8
1785733358176,bot1,rtt,8
1785733358386,bot5,rtt,7
1785733358495,bot8,rtt,10
1785733358499,bot2,rtt,7
1785733358569,bot6,rtt,7
1785733358666,bot7,rtt,7
1785733358895,bot0,rtt,11
1785733358898,bot4,rtt,15
1785733359173,bot9,rtt,8
1785733359176,bot3,rtt,9
1785733359178,bot1,rtt,10
1785733359386,bot5,rtt,7
1785733359506,bot8,rtt,21
1785733359507,bot2,rtt,15
1785733359568,bot6,rtt,7
1785733359667,bot7,rtt,7
1785733359891,bot0,rtt,8
1785733359898,bot4,rtt,15
1785733360175,bot1,rtt,7
1785733360175,bot9,rtt,10
1785733360176,bot3,rtt,8
1785733360385,bot5,rtt,6
1785733360495,bot8,rtt,10
1785733360501,bot2,rtt,9
1785733360567,bot6,rtt,6
1785733360666,bot7,rtt,6
1785733360890,bot4,rtt,6
1785733360891,bot0,rtt,7
1785733361172,bot9,rtt,7
1785733361175,bot3,rtt,7
1785733361175,bot1,rtt,7
1785733361385,bot5,rtt,6
1785733361492,bot8,rtt,7
1785733361502,bot2,rtt,10
1785733361569,bot6,rtt,8
1785733361666,bot7,rtt,7
1785733361889,bot4,rtt,6
1785733361895,bot0,rtt,12
1785733362174,bot9,rtt,9
1785733362177,bot3,rtt,8
1785733362177,bot1,rtt,8
1785733362387,bot5,rtt,7
1785733362495,bot8,rtt,9
1785733362501,bot2,rtt,9
1785733362568,bot6,rtt,7
1785733362667,bot7,rtt,8
1785733362896,bot4,rtt,13
1785733362897,bot0,rtt,13
1785733363175,bot3,rtt,6
1785733363176,bot9,rtt,10
1785733363177,bot1,rtt,7
1785733363385,bot5,rtt,6
1785733363498,bot8,rtt,12
1785733363501,bot2,rtt,9
1785733363568,bot6,rtt,7
1785733363666,bot7,rtt,6
1785733363921,bot0,rtt,38
1785733363921,bot4,rtt,38
1785733364232,bot3,rtt,64
1785733364232,bot1,rtt,62
1785733364233,bot9,rtt,66
1785733364388,bot5,rtt,8
1785733364497,bot8,rtt,11
1785733364501,bot2,rtt,9
1785733364568,bot6,rtt,6
1785733364666,bot7,rtt,6
1785733364894,bot4,rtt,10
1785733364895,bot0,rtt,11
1785733365175,bot9,rtt,9
1785733365177,bot3,rtt,8
1785733365177,bot1,rtt,6
1785733365386,bot5,rtt,6
1785733365497,bot8,rtt,9
1785733365499,bot2,rtt,7
1785733365569,bot6,rtt,6
1785733365665,bot7,rtt,6
1785733365889,bot4,rtt,6
1785733365898,bot0,rtt,15
1785733366175,bot9,rtt,9
1785733366176,bot3,rtt,7
1785733366178,bot1,rtt,6
1785733366387,bot5,rtt,7
1785733366497,bot8,rtt,11
1785733366499,bot2,rtt,7
1785733366572,bot6,rtt,9
1785733366665,bot7,rtt,6
1785733366892,bot4,rtt,9
1785733366893,bot0,rtt,10
1785733367177,bot9,rtt,11
1785733367179,bot3,rtt,9
1785733367180,bot1,rtt,9
1785733367386,bot5,rtt,6
1785733367525,bot2,rtt,32
1785733367526,bot8,rtt,40
1785733367628,bot6,rtt,64
1785733367721,bot7,rtt,62
1785733367897,bot4,rtt,13
1785733367898,bot0,rtt,14
1785733368173,bot9,rtt,7
1785733368176,bot3,rtt,6
1785733368177,bot1,rtt,6
1785733368387,bot5,rtt,7
1785733368495,bot8,rtt,9
1785733368500,bot2,rtt,7
1785733368574,bot6,rtt,9
1785733368667,bot7,rtt,8
1785733368895,bot0,rtt,10
1785733368898,bot4,rtt,13
1785733369175,bot9,rtt,9
1785733369177,bot3,rtt,7
1785733369177,bot1,rtt,6
1785733369388,bot5,rtt,7
1785733369498,bot8,rtt,12
1785733369500,bot2,rtt,7
1785733369572,bot6,rtt,7
1785733369667,bot7,rtt,7
1785733369896,bot4,rtt,12
1785733369898,bot0,rtt,14
1785733370174,bot9,rtt,8
1785733370177,bot3,rtt,7
1785733370179,bot1,rtt,7
1785733370388,bot5,rtt,6
1785733370494,bot8,rtt,8
1785733370502,bot2,rtt,7
1785733370571,bot6,rtt,7
1785733370667,bot7,rtt,7
1785733370896,bot0,rtt,11
1785733370899,bot4,rtt,15
1785733371174,bot9,rtt,7
1785733371177,bot3,rtt,7
1785733371180,bot1,rtt,8
1785733371431,bot5,rtt,48
1785733371521,bot8,rtt,35
1785733371521,bot2,rtt,26
1785733371573,bot6,rtt,8
1785733371667,bot7,rtt,7
1785733371899,bot4,rtt,15
1785733371900,bot0,rtt,14
1785733372174,bot9,rtt,7
1785733372177,bot3,rtt,7
1785733372179,bot1,rtt,7
1785733372389,bot5,rtt,7
1785733372495,bot8,rtt,9
1785733372504,bot2,rtt,7
1785733372572,bot6,rtt,7
1785733372667,bot7,rtt,7
1785733372896,bot4,rtt,12
1785733372898,bot0,rtt,12
1785733373174,bot9,rtt,8
1785733373177,bot3,rtt,7
1785733373183,bot1,rtt,11
1785733373389,bot5,rtt,7
1785733373495,bot8,rtt,9
1785733373505,bot2,rtt,7
1785733373573,bot6,rtt,7
1785733373667,bot7,rtt,7
1785733373897,bot4,rtt,12
1785733373899,bot0,rtt,13
1785733374176,bot9,rtt,9
1785733374177,bot3,rtt,7
1785733374179,bot1,rtt,6
1785733374388,bot5,rtt,6
1785733374495,bot8,rtt,9
1785733374506,bot2,rtt,8
1785733374572,bot6,rtt,6
1785733374666,bot7,rtt,6
1785733374895,bot4,rtt,10
1785733374896,bot0,rtt,10
1785733375177,bot9,rtt,11
1785733375179,bot3,rtt,8
1785733375182,bot1,rtt,9
1785733375389,bot5,rtt,7
1785733375494,bot8,rtt,8
1785733375505,bot2,rtt,7
1785733375571,bot6,rtt,6
1785733375668,bot7,rtt,7
1785733375895,bot0,rtt,9
1785733375898,bot4,rtt,13
1785733376175,bot9,rtt,9
1785733376177,bot3,rtt,6
1785733376181,bot1,rtt,8
1785733376389,bot5,rtt,6
1785733376496,bot8,rtt,10
1785733376508,bot2,rtt,10
1785733376573,bot6,rtt,7
1785733376666,bot7,rtt,6
1785733376897,bot4,rtt,12
1785733376898,bot0,rtt,12
1785733377035,bot1,respawn
1785733377230,bot9,rtt,63
1785733377232,bot1,rtt,59
1785733377232,bot3,rtt,61
1785733377394,bot5,rtt,12
1785733377497,bot8,rtt,10
1785733377508,bot2,rtt,9
1785733377572,bot6,rtt,7
1785733377669,bot7,rtt,8
1785733377897,bot4,rtt,12
1785733377898,bot0,rtt,11
1785733378176,bot3,rtt,6
1785733378176,bot9,rtt,8
1785733378181,bot1,rtt,8
1785733378390,bot5,rtt,8
1785733378497,bot8,rtt,10
1785733378514,bot2,rtt,8
1785733378572,bot6,rtt,6
1785733378668,bot7,rtt,7
1785733378898,bot4,rtt,13
1785733378898,bot0,rtt,12
1785733379176,bot9,rtt,8
1785733379179,bot3,rtt,8
1785733379180,bot1,rtt,6
1785733379437,bot5,rtt,55
1785733379528,bot8,rtt,41
1785733379529,bot2,rtt,24
1785733379631,bot6,rtt,65
1785733379734,bot7,rtt,73
1785733379931,bot4,rtt,46
1785733379931,bot0,rtt,44
1785733380237,bot9,rtt,68
1785733380245,bot3,rtt,75
1785733380246,bot1,rtt,73
1785733380431,bot5,rtt,49
1785733380534,bot8,rtt,47
1785733380534,bot2,rtt,29
