1785734579385,bot0,spawn
1785734579583,bot1,spawn
1785734579993,bot2,spawn
1785734580430,bot0,rtt,45
1785734580491,bot3,spawn
1785734580625,bot1,rtt,41
1785734581039,bot2,rtt,46
1785734581044,bot4,spawn
1785734581438,bot0,rtt,50
1785734581542,bot5,spawn
1785734581543,bot3,rtt,51
1785734581627,bot1,rtt,44
1785734581993,bot6,spawn
1785734582041,bot2,rtt,46
1785734582095,bot4,rtt,50
1785734582449,bot0,rtt,44
1785734582549,bot3,rtt,47
1785734582555,bot7,spawn
1785734582599,bot5,rtt,51
1785734582645,bot1,rtt,47
1785734583053,bot6,rtt,52
1785734583062,bot2,rtt,60
1785734583108,bot8,spawn
1785734583109,bot4,rtt,49
1785734583522,bot0,rtt,101
1785734583535,bot9,spawn
1785734583631,bot3,rtt,98
1785734583644,bot5,rtt,62
1785734583710,bot1,rtt,55
1785734583720,bot7,rtt,138
1785734584270,bot2,rtt,201
1785734584304,bot4,rtt,83
1785734584311,bot6,rtt,242
1785734584334,bot8,rtt,113
1785734584829,bot0,rtt,310
1785734585065,bot1,rtt,209
1785734585097,bot3,rtt,241
1785734585133,bot5,rtt,277
1785734585162,bot7,rtt,306
1785734585244,bot9,rtt,388
1785734585313,bot2,rtt,72
1785734585386,bot6,rtt,145
1785734585419,bot8,rtt,178
1785734585746,bot4,rtt,505
1785734586424,bot0,rtt,779
1785734586547,bot10,spawn
1785734586684,bot9,rtt,91
1785734586769,bot2,rtt,175
1785734586904,bot6,rtt,310
1785734587001,bot8,rtt,407
1785734587087,bot1,rtt,493
1785734587181,bot3,rtt,588
1785734587269,bot5,rtt,676
1785734587700,bot4,rtt,1106
1785734588123,bot7,rtt,1530
1785734588163,bot0,rtt,616
1785734588324,bot9,rtt,82
1785734588326,bot2,rtt,84
1785734588351,bot4,rtt,109
1785734588388,bot6,rtt,146
1785734588429,bot8,rtt,187
1785734588442,bot1,rtt,200
1785734588444,bot3,rtt,202
1785734588465,bot5,rtt,223
1785734588698,bot7,rtt,456
1785734588744,bot10,rtt,503
1785734588960,bot0,rtt,168
1785734588976,bot11,spawn
1785734589194,bot12,spawn
1785734589258,bot13,spawn
1785734589344,bot9,rtt,61
1785734589347,bot2,rtt,64
1785734589349,bot4,rtt,66
1785734589351,bot6,rtt,68
1785734589363,bot8,rtt,80
1785734589364,bot1,rtt,81
1785734589365,bot3,rtt,82
1785734589367,bot5,rtt,84
1785734589376,bot7,rtt,93
1785734589387,bot10,rtt,104
1785734589414,bot14,spawn
1785734589423,bot15,spawn
1785734589525,bot16,spawn
1785734589530,bot17,spawn
1785734589628,bot18,spawn
1785734589707,bot19,spawn
1785734589972,bot0,rtt,151
1785734590170,bot11,rtt,67
1785734590424,bot12,rtt,120
1785734590440,bot13,rtt,136
1785734590628,bot6,rtt,61
1785734590634,bot8,rtt,67
1785734590637,bot1,rtt,70
1785734590639,bot3,rtt,73
1785734590641,bot5,rtt,75
1785734590643,bot7,rtt,77
1785734590672,bot10,rtt,105
1785734590788,bot16,rtt,221
1785734590812,bot17,rtt,245
1785734590917,bot14,rtt,350
1785734591030,bot15,rtt,463
1785734591064,bot9,rtt,498
1785734591101,bot2,rtt,534
1785734591108,bot4,rtt,541
1785734591138,bot0,rtt,82
1785734591430,bot19,rtt,374
1785734591522,bot18,rtt,466
1785734591669,bot10,rtt,58
1785734591711,bot11,rtt,100
1785734591747,bot12,rtt,136
1785734591860,bot16,rtt,248
1785734591915,bot17,rtt,303
1785734592009,bot14,rtt,397
1785734592143,bot15,rtt,531
1785734592167,bot9,rtt,555
1785734592197,bot2,rtt,585
1785734592201,bot4,rtt,589
1785734592203,bot6,rtt,591
1785734592206,bot8,rtt,594
1785734592208,bot1,rtt,596
1785734592210,bot3,rtt,598
1785734592212,bot5,rtt,600
1785734592215,bot7,rtt,603
1785734592221,bot0,rtt,55
1785734592417,bot13,rtt,806
1785734592703,bot19,rtt,537
1785734592836,bot18,rtt,670
1785734593076,bot11,rtt,102
1785734593139,bot12,rtt,165
1785734593194,bot13,rtt,219
1785734593251,bot16,rtt,276
1785734593313,bot17,rtt,338
1785734593518,bot14,rtt,543
1785734593829,bot9,rtt,854
1785734593832,bot2,rtt,857
1785734593835,bot4,rtt,860
1785734593838,bot6,rtt,863
1785734593840,bot8,rtt,865
1785734593843,bot1,rtt,868
1785734593846,bot3,rtt,871
1785734593850,bot5,rtt,875
1785734593853,bot7,rtt,878
1785734593858,bot10,rtt,883
1785734594429,bot19,rtt,601
1785734594590,bot18,rtt,762
1785734594685,bot15,rtt,1710
1785734594761,bot0,rtt,933
1785734594842,bot11,rtt,109
1785734594916,bot12,rtt,183
1785734594982,bot13,rtt,249
1785734595042,bot16,rtt,309
1785734595112,bot17,rtt,379
1785734595244,bot14,rtt,511
1785734595513,bot15,rtt,780
1785734595725,bot9,rtt,992
1785734595730,bot2,rtt,997
1785734595735,bot4,rtt,1002
1785734595738,bot6,rtt,1005
1785734595743,bot8,rtt,1010
1785734595749,bot1,rtt,1016
1785734595754,bot3,rtt,1021
1785734595759,bot5,rtt,1026
1785734595763,bot7,rtt,1030
1785734595771,bot0,rtt,47
1785734595772,bot10,rtt,1039
1785734596395,bot19,rtt,672
1785734596618,bot18,rtt,895
1785734596809,bot6,rtt,47
1785734596813,bot8,rtt,51
1785734596818,bot1,rtt,56
1785734596821,bot3,rtt,59
1785734596825,bot5,rtt,63
1785734596828,bot7,rtt,66
1785734596831,bot0,rtt,69
1785734596834,bot10,rtt,72
1785734596838,bot11,rtt,77
1785734596858,bot12,rtt,96
1785734596880,bot13,rtt,118
1785734596915,bot16,rtt,152
1785734596937,bot17,rtt,175
1785734596960,bot19,rtt,198
1785734596963,bot14,rtt,201
1785734596965,bot18,rtt,203
1785734596966,bot15,rtt,204
1785734596989,bot9,rtt,227
1785734596991,bot2,rtt,229
1785734596992,bot4,rtt,230
1785734597807,bot11,rtt,44
1785734597840,bot3,rtt,54
1785734597841,bot5,rtt,55
1785734597841,bot7,rtt,55
1785734597842,bot15,rtt,55
1785734597843,bot9,rtt,57
1785734597844,bot14,rtt,58
1785734597845,bot0,rtt,58
1785734597845,bot17,rtt,58
1785734597845,bot13,rtt,59
1785734597846,bot19,rtt,59
1785734597847,bot16,rtt,60
1785734597847,bot2,rtt,61
1785734597848,bot4,rtt,62
1785734597848,bot6,rtt,62
1785734597850,bot8,rtt,64
1785734597851,bot10,rtt,65
1785734597853,bot12,rtt,67
1785734597855,bot18,rtt,68
1785734597856,bot1,rtt,70
1785734598828,bot11,rtt,61
1785734598850,bot2,rtt,42
1785734598851,bot18,rtt,43
1785734598852,bot1,rtt,44
1785734598852,bot0,rtt,44
1785734598853,bot4,rtt,45
1785734598853,bot14,rtt,45
1785734598854,bot6,rtt,46
1785734598855,bot15,rtt,47
1785734598855,bot16,rtt,47
1785734598856,bot17,rtt,48
1785734598856,bot8,rtt,48
1785734598856,bot10,rtt,48
1785734598857,bot12,rtt,50
1785734598858,bot3,rtt,50
1785734598860,bot5,rtt,52
1785734598861,bot7,rtt,53
1785734598862,bot9,rtt,54
1785734598863,bot13,rtt,55
1785734598884,bot19,rtt,76
1785734599854,bot0,rtt,45
1785734599856,bot14,rtt,47
1785734599857,bot1,rtt,48
1785734599859,bot15,rtt,50
1785734599861,bot2,rtt,52
1785734599863,bot16,rtt,54
1785734599864,bot17,rtt,55
1785734599865,bot3,rtt,58
1785734599868,bot4,rtt,59
1785734599870,bot6,rtt,61
1785734599871,bot5,rtt,63
1785734599873,bot8,rtt,64
1785734599875,bot7,rtt,66
1785734599876,bot10,rtt,69
1785734599878,bot9,rtt,71
1785734599880,bot12,rtt,73
1785734599883,bot11,rtt,105
1785734599886,bot18,rtt,77
1785734599888,bot13,rtt,81
1785734599892,bot19,rtt,83
1785734600824,bot11,rtt,45
1785734600852,bot14,rtt,43
1785734600853,bot2,rtt,44
1785734600854,bot16,rtt,45
1785734600854,bot4,rtt,45
1785734600855,bot6,rtt,46
1785734600856,bot8,rtt,47
1785734600857,bot10,rtt,50
1785734600857,bot12,rtt,50
1785734600858,bot18,rtt,49
1785734600859,bot1,rtt,50
1785734600859,bot3,rtt,52
1785734600860,bot5,rtt,51
1785734600861,bot7,rtt,52
1785734600861,bot9,rtt,54
1785734600862,bot13,rtt,55
1785734600864,bot19,rtt,55
1785734600867,bot15,rtt,58
1785734600868,bot17,rtt,59
1785734600869,bot0,rtt,60
1785734601823,bot11,rtt,43
1785734601850,bot3,rtt,43
1785734601851,bot6,rtt,41
1785734601852,bot9,rtt,45
1785734601853,bot8,rtt,43
1785734601853,bot10,rtt,46
1785734601853,bot13,rtt,46
1785734601854,bot12,rtt,47
1785734601855,bot19,rtt,45
1785734601855,bot18,rtt,45
1785734601855,bot0,rtt,45
1785734601856,bot1,rtt,46
1785734601856,bot15,rtt,46
1785734601856,bot14,rtt,46
1785734601857,bot2,rtt,47
1785734601857,bot17,rtt,47
1785734601858,bot16,rtt,48
1785734601858,bot4,rtt,48
1785734601858,bot5,rtt,48
1785734601858,bot7,rtt,48
1785734602825,bot11,rtt,44
1785734602850,bot10,rtt,42
1785734602850,bot12,rtt,43
1785734602852,bot3,rtt,44
1785734602852,bot5,rtt,43
1785734602853,bot7,rtt,43
1785734602853,bot9,rtt,45
1785734602854,bot13,rtt,47
1785734602854,bot19,rtt,43
1785734602857,bot0,rtt,46
1785734602857,bot2,rtt,47
1785734602858,bot4,rtt,48
1785734602858,bot6,rtt,48
1785734602859,bot8,rtt,49
1785734602859,bot18,rtt,48
1785734602860,bot15,rtt,49
1785734602860,bot14,rtt,49
1785734602860,bot16,rtt,49
1785734602861,bot17,rtt,50
1785734602861,bot1,rtt,51
1785734603824,bot11,rtt,43
1785734603851,bot3,rtt,42
1785734603852,bot10,rtt,45
1785734603854,bot14,rtt,42
1785734603855,bot12,rtt,48
1785734603856,bot9,rtt,47
1785734603857,bot16,rtt,45
1785734603858,bot18,rtt,46
1785734603858,bot13,rtt,51
1785734603860,bot15,rtt,48
1785734603860,bot17,rtt,48
1785734603868,bot0,rtt,46
1785734603869,bot2,rtt,57
1785734603871,bot4,rtt,59
1785734603871,bot1,rtt,59
1785734603872,bot6,rtt,60
1785734603874,bot8,rtt,62
1785734603875,bot5,rtt,63
1785734603877,bot7,rtt,65
1785734603882,bot19,rtt,60
1785734604824,bot11,rtt,43
1785734604851,bot3,rtt,43
1785734604851,bot10,rtt,44
1785734604852,bot12,rtt,45
1785734604852,bot9,rtt,43
1785734604853,bot13,rtt,46
1785734604855,bot15,rtt,41
1785734604855,bot16,rtt,41
1785734604856,bot14,rtt,42
1785734604857,bot1,rtt,43
1785734604857,bot17,rtt,43
1785734604858,bot5,rtt,44
1785734604858,bot2,rtt,44
1785734604858,bot7,rtt,44
1785734604859,bot4,rtt,45
1785734604859,bot6,rtt,45
1785734604860,bot8,rtt,46
1785734604862,bot18,rtt,48
1785734604865,bot0,rtt,43
1785734604869,bot19,rtt,47
1785734605826,bot11,rtt,44
1785734605850,bot13,rtt,42
1785734605851,bot3,rtt,41
1785734605852,bot9,rtt,42
1785734605853,bot10,rtt,45
1785734605853,bot12,rtt,46
1785734605861,bot14,rtt,42
1785734605862,bot16,rtt,43
1785734605864,bot2,rtt,45
1785734605864,bot4,rtt,45
1785734605865,bot6,rtt,46
1785734605866,bot8,rtt,47
1785734605867,bot0,rtt,45
1785734605869,bot18,rtt,50
1785734605871,bot15,rtt,52
1785734605873,bot17,rtt,54
1785734605874,bot1,rtt,55
1785734605876,bot5,rtt,57
1785734605878,bot7,rtt,59
1785734605881,bot19,rtt,59
1785734606825,bot11,rtt,44
1785734606851,bot10,rtt,43
1785734606851,bot13,rtt,43
1785734606851,bot12,rtt,43
1785734606852,bot3,rtt,42
1785734606853,bot9,rtt,43
1785734606861,bot1,rtt,42
1785734606861,bot14,rtt,42
1785734606863,bot16,rtt,44
1785734606863,bot5,rtt,44
1785734606864,bot2,rtt,45
1785734606864,bot15,rtt,45
1785734606865,bot7,rtt,46
1785734606865,bot4,rtt,46
1785734606866,bot17,rtt,47
1785734606866,bot6,rtt,47
1785734606867,bot8,rtt,48
1785734606870,bot19,rtt,47
1785734606871,bot0,rtt,48
1785734606872,bot18,rtt,53
1785734607827,bot11,rtt,45
1785734607851,bot13,rtt,43
1785734607852,bot10,rtt,44
1785734607852,bot12,rtt,44
1785734607855,bot3,rtt,42
1785734607855,bot9,rtt,42
1785734607872,bot8,rtt,47
1785734607875,bot18,rtt,50
1785734607876,bot19,rtt,51
1785734607877,bot2,rtt,52
1785734607878,bot16,rtt,53
1785734607878,bot4,rtt,53
1785734607879,bot5,rtt,54
1785734607879,bot6,rtt,54
1785734607879,bot7,rtt,54
1785734607880,bot14,rtt,55
1785734607880,bot15,rtt,55
1785734607880,bot17,rtt,55
1785734607881,bot0,rtt,56
1785734607881,bot1,rtt,56
1785734608519,bot4,respawn
1785734608825,bot11,rtt,43
1785734608853,bot10,rtt,44
1785734608853,bot12,rtt,44
1785734608854,bot13,rtt,45
1785734608858,bot3,rtt,43
1785734608859,bot9,rtt,44
1785734608872,bot18,rtt,45
1785734608872,bot19,rtt,45
1785734608873,bot4,rtt,46
1785734608874,bot1,rtt,47
1785734608875,bot0,rtt,48
1785734608876,bot15,rtt,49
1785734608876,bot14,rtt,49
1785734608876,bot5,rtt,49
1785734608877,bot17,rtt,50
1785734608878,bot2,rtt,51
1785734608879,bot16,rtt,52
1785734608879,bot7,rtt,52
1785734608880,bot6,rtt,53
1785734608881,bot8,rtt,54
1785734609825,bot11,rtt,43
1785734609851,bot12,rtt,43
1785734609851,bot13,rtt,41
1785734609854,bot10,rtt,44
1785734609864,bot3,rtt,41
1785734609868,bot9,rtt,45
1785734609874,bot18,rtt,46
1785734609875,bot19,rtt,47
1785734609883,bot4,rtt,55
1785734609886,bot15,rtt,58
1785734609886,bot2,rtt,58
1785734609887,bot16,rtt,59
1785734609888,bot17,rtt,60
1785734609888,bot5,rtt,60
1785734609888,bot6,rtt,60
1785734609889,bot7,rtt,61
1785734609889,bot8,rtt,61
1785734609890,bot1,rtt,62
1785734609891,bot0,rtt,63
1785734609891,bot14,rtt,63
1785734610826,bot11,rtt,43
1785734610851,bot12,rtt,42
1785734610853,bot10,rtt,41
1785734610855,bot13,rtt,44
1785734610873,bot14,rtt,45
1785734610874,bot5,rtt,47
1785734610874,bot2,rtt,46
1785734610875,bot17,rtt,46
1785734610875,bot7,rtt,48
1785734610875,bot16,rtt,46
1785734610876,bot9,rtt,52
1785734610876,bot6,rtt,48
1785734610877,bot8,rtt,49
1785734610879,bot19,rtt,50
1785734610879,bot18,rtt,50
1785734610879,bot4,rtt,51
1785734610880,bot1,rtt,52
1785734610880,bot15,rtt,52
1785734610880,bot0,rtt,51
1785734610881,bot3,rtt,58
1785734611825,bot11,rtt,43
1785734611850,bot12,rtt,42
1785734611855,bot10,rtt,42
1785734611857,bot13,rtt,45
1785734611870,bot7,rtt,42
1785734611870,bot8,rtt,42
1785734611871,bot9,rtt,48
1785734611875,bot18,rtt,47
1785734611877,bot19,rtt,49
1785734611883,bot4,rtt,55
1785734611886,bot2,rtt,58
1785734611887,bot16,rtt,59
1785734611887,bot5,rtt,59
1785734611888,bot6,rtt,60
1785734611889,bot0,rtt,61
1785734611890,bot1,rtt,62
1785734611890,bot15,rtt,62
1785734611891,bot3,rtt,68
1785734611891,bot17,rtt,63
1785734611892,bot14,rtt,64
1785734612825,bot11,rtt,42
1785734612851,bot12,rtt,42
1785734612865,bot10,rtt,44
1785734612867,bot13,rtt,47
1785734612874,bot19,rtt,45
1785734612875,bot0,rtt,46
1785734612875,bot5,rtt,47
1785734612876,bot8,rtt,47
1785734612877,bot7,rtt,49
1785734612877,bot15,rtt,48
1785734612881,bot9,rtt,55
1785734612882,bot17,rtt,53
1785734612885,bot18,rtt,56
1785734612885,bot4,rtt,56
1785734612886,bot1,rtt,58
1785734612886,bot3,rtt,60
1785734612887,bot2,rtt,58
1785734612888,bot14,rtt,59
1785734612888,bot6,rtt,60
1785734612889,bot16,rtt,60
1785734613826,bot11,rtt,42
1785734613853,bot12,rtt,44
1785734613864,bot10,rtt,42
1785734613865,bot13,rtt,43
1785734613871,bot16,rtt,42
1785734613872,bot0,rtt,43
1785734613873,bot5,rtt,44
1785734613873,bot7,rtt,44
1785734613876,bot2,rtt,47
1785734613876,bot9,rtt,49
1785734613876,bot6,rtt,47
1785734613877,bot8,rtt,48
1785734613879,bot19,rtt,50
1785734613879,bot18,rtt,50
1785734613879,bot4,rtt,50
1785734613880,bot15,rtt,51
1785734613880,bot14,rtt,51
1785734613881,bot1,rtt,52
1785734613881,bot3,rtt,54
1785734613885,bot17,rtt,56
1785734614825,bot11,rtt,41
1785734614866,bot10,rtt,41
1785734614867,bot12,rtt,49
1785734614873,bot13,rtt,48
1785734614874,bot19,rtt,43
1785734614875,bot2,rtt,44
1785734614875,bot15,rtt,44
1785734614876,bot6,rtt,45
1785734614876,bot1,rtt,45
1785734614877,bot14,rtt,46
1785734614877,bot17,rtt,46
1785734614877,bot8,rtt,46
1785734614878,bot3,rtt,49
1785734614878,bot16,rtt,47
1785734614879,bot5,rtt,48
1785734614880,bot18,rtt,49
1785734614880,bot7,rtt,49
1785734614880,bot9,rtt,51
1785734614881,bot4,rtt,50
1785734614881,bot0,rtt,50
1785734615829,bot11,rtt,46
1785734615880,bot8,rtt,45
1785734615881,bot7,rtt,47
1785734615882,bot10,rtt,48
1785734615883,bot9,rtt,49
1785734615885,bot12,rtt,51
1785734615887,bot18,rtt,52
1785734615888,bot13,rtt,54
1785734615890,bot4,rtt,55
1785734615891,bot19,rtt,56
1785734615895,bot15,rtt,60
1785734615896,bot0,rtt,61
1785734615897,bot14,rtt,62
1785734615897,bot1,rtt,63
1785734615898,bot16,rtt,63
1785734615899,bot2,rtt,64
1785734615900,bot17,rtt,65
1785734615900,bot3,rtt,66
1785734615901,bot6,rtt,66
1785734615902,bot5,rtt,68
1785734616824,bot11,rtt,41
1785734616876,bot1,rtt,41
1785734616878,bot5,rtt,44
1785734616878,bot3,rtt,44
1785734616879,bot15,rtt,44
1785734616880,bot14,rtt,45
1785734616880,bot0,rtt,45
1785734616881,bot17,rtt,46
1785734616881,bot16,rtt,46
1785734616882,bot2,rtt,47
1785734616883,bot6,rtt,48
1785734616883,bot8,rtt,48
1785734616884,bot10,rtt,50
1785734616884,bot12,rtt,50
1785734616885,bot18,rtt,50
1785734616886,bot4,rtt,51
1785734616886,bot7,rtt,51
1785734616887,bot9,rtt,53
1785734616888,bot13,rtt,54
1785734616889,bot19,rtt,54
1785734617827,bot11,rtt,44
1785734617876,bot1,rtt,42
1785734617877,bot3,rtt,43
1785734617877,bot5,rtt,43
1785734617878,bot0,rtt,42
1785734617878,bot7,rtt,44
1785734617879,bot14,rtt,43
1785734617879,bot2,rtt,45
1785734617879,bot16,rtt,43
1785734617880,bot9,rtt,46
1785734617880,bot6,rtt,46
1785734617881,bot8,rtt,47
1785734617881,bot10,rtt,47
1785734617882,bot13,rtt,48
1785734617882,bot12,rtt,48
1785734617883,bot19,rtt,47
1785734617883,bot18,rtt,47
1785734617883,bot4,rtt,49
1785734617884,bot15,rtt,48
1785734617887,bot17,rtt,51
1785734618826,bot11,rtt,43
1785734618875,bot3,rtt,41
1785734618876,bot5,rtt,42
1785734618876,bot7,rtt,42
1785734618878,bot1,rtt,44
1785734618878,bot9,rtt,44
1785734618879,bot16,rtt,41
1785734618880,bot13,rtt,46
1785734618880,bot19,rtt,42
1785734618881,bot0,rtt,43
1785734618881,bot2,rtt,46
1785734618882,bot6,rtt,48
1785734618882,bot8,rtt,47
1785734618882,bot10,rtt,48
1785734618883,bot12,rtt,49
1785734618884,bot15,rtt,46
1785734618884,bot18,rtt,46
1785734618884,bot17,rtt,46
1785734618885,bot4,rtt,50
1785734618889,bot14,rtt,51
1785734619826,bot11,rtt,42
1785734619876,bot1,rtt,42
1785734619876,bot3,rtt,42
1785734619878,bot5,rtt,44
1785734619878,bot2,rtt,44
1785734619879,bot6,rtt,45
1785734619879,bot7,rtt,45
1785734619879,bot8,rtt,45
1785734619880,bot9,rtt,46
1785734619880,bot10,rtt,46
1785734619881,bot12,rtt,47
1785734619881,bot13,rtt,47
1785734619882,bot18,rtt,43
1785734619882,bot4,rtt,48
1785734619883,bot19,rtt,44
1785734619886,bot0,rtt,47
1785734619886,bot14,rtt,49
1785734619886,bot15,rtt,47
1785734619887,bot17,rtt,48
1785734619887,bot16,rtt,48
1785734620827,bot11,rtt,43
1785734620876,bot2,rtt,42
1785734620876,bot8,rtt,42
1785734620877,bot10,rtt,43
1785734620877,bot1,rtt,43
1785734620878,bot12,rtt,44
1785734620879,bot3,rtt,45
1785734620879,bot5,rtt,45
1785734620880,bot7,rtt,46
1785734620881,bot9,rtt,47
1785734620882,bot4,rtt,48
1785734620882,bot13,rtt,48
1785734620883,bot19,rtt,42
1785734620885,bot0,rtt,44
1785734620885,bot6,rtt,51
1785734620888,bot18,rtt,47
1785734620889,bot15,rtt,48
1785734620889,bot17,rtt,48
1785734620890,bot14,rtt,53
1785734620890,bot16,rtt,49
1785734621828,bot11,rtt,43
1785734621876,bot1,rtt,42
1785734621877,bot3,rtt,43
1785734621877,bot2,rtt,43
1785734621878,bot5,rtt,44
1785734621878,bot6,rtt,44
1785734621879,bot7,rtt,45
1785734621879,bot8,rtt,45
1785734621880,bot9,rtt,46
1785734621882,bot15,rtt,42
1785734621884,bot10,rtt,50
1785734621884,bot14,rtt,47
1785734621885,bot12,rtt,51
1785734621886,bot16,rtt,46
1785734621886,bot13,rtt,52
1785734621887,bot18,rtt,45
1785734621887,bot19,rtt,45
1785734621887,bot4,rtt,53
1785734621889,bot17,rtt,47
1785734621889,bot0,rtt,47
1785734622829,bot11,rtt,44
1785734622877,bot2,rtt,42
1785734622877,bot6,rtt,42
1785734622878,bot8,rtt,42
1785734622878,bot10,rtt,43
1785734622878,bot12,rtt,43
1785734622879,bot14,rtt,42
1785734622880,bot4,rtt,45
1785734622880,bot1,rtt,45
1785734622880,bot3,rtt,45
1785734622881,bot5,rtt,46
1785734622881,bot7,rtt,46
1785734622881,bot9,rtt,46
1785734622882,bot13,rtt,47
1785734622883,bot15,rtt,43
1785734622883,bot17,rtt,41
1785734622884,bot0,rtt,42
1785734622884,bot18,rtt,42
1785734622885,bot19,rtt,43
1785734622886,bot16,rtt,46
1785734623827,bot11,rtt,42
1785734623878,bot3,rtt,42
1785734623878,bot5,rtt,42
1785734623879,bot7,rtt,43
1785734623879,bot9,rtt,43
1785734623880,bot1,rtt,44
1785734623881,bot13,rtt,45
1785734623882,bot2,rtt,46
1785734623882,bot6,rtt,46
1785734623882,bot8,rtt,46
1785734623883,bot10,rtt,47
1785734623883,bot12,rtt,47
1785734623884,bot18,rtt,42
1785734623884,bot14,rtt,47
1785734623884,bot16,rtt,44
1785734623885,bot4,rtt,49
1785734623887,bot15,rtt,47
1785734623887,bot19,rtt,45
1785734623888,bot0,rtt,46
1785734623889,bot17,rtt,48
1785734624827,bot11,rtt,42
1785734624878,bot2,rtt,41
1785734624878,bot6,rtt,41
1785734624879,bot1,rtt,42
1785734624879,bot8,rtt,42
1785734624880,bot10,rtt,43
1785734624880,bot3,rtt,43
1785734624881,bot12,rtt,45
1785734624881,bot5,rtt,44
1785734624883,bot15,rtt,43
1785734624884,bot17,rtt,41
1785734624884,bot7,rtt,47
1785734624884,bot9,rtt,47
1785734624885,bot14,rtt,46
1785734624886,bot16,rtt,46
1785734624886,bot13,rtt,49
1785734624887,bot18,rtt,45
1785734624887,bot4,rtt,50
1785734624888,bot19,rtt,46
1785734624888,bot0,rtt,46
1785734625339,bot14,respawn
1785734625827,bot11,rtt,42
1785734625879,bot1,rtt,41
1785734625879,bot3,rtt,42
1785734625880,bot2,rtt,42
1785734625880,bot14,rtt,42
1785734625880,bot5,rtt,43
1785734625881,bot6,rtt,43
1785734625881,bot8,rtt,43
1785734625881,bot7,rtt,44
1785734625882,bot10,rtt,45
1785734625882,bot9,rtt,45
1785734625883,bot12,rtt,46
1785734625884,bot15,rtt,44
1785734625884,bot13,rtt,47
1785734625884,bot17,rtt,42
1785734625885,bot18,rtt,42
1785734625885,bot19,rtt,42
1785734625886,bot4,rtt,48
1785734625887,bot0,rtt,44
1785734625888,bot16,rtt,48
1785734626828,bot11,rtt,43
1785734626878,bot12,rtt,42
1785734626879,bot5,rtt,42
1785734626879,bot7,rtt,42
1785734626879,bot9,rtt,42
1785734626880,bot13,rtt,43
1785734626883,bot2,rtt,44
1785734626884,bot6,rtt,45
1785734626884,bot16,rtt,44
1785734626885,bot1,rtt,46
1785734626885,bot8,rtt,46
1785734626885,bot10,rtt,48
1785734626886,bot3,rtt,49
1785734626886,bot14,rtt,47
1785734626887,bot18,rtt,44
1785734626887,bot4,rtt,48
1785734626891,bot19,rtt,48
1785734626891,bot0,rtt,48
1785734626892,bot15,rtt,52
1785734626893,bot17,rtt,51
1785734627828,bot11,rtt,43
1785734627879,bot12,rtt,43
1785734627881,bot13,rtt,43
1785734627882,bot4,rtt,42
1785734627884,bot15,rtt,43
1785734627884,bot6,rtt,46
1785734627884,bot14,rtt,44
1785734627885,bot3,rtt,47
1785734627885,bot17,rtt,44
1785734627886,bot8,rtt,46
1785734627886,bot5,rtt,48
1785734627887,bot10,rtt,49
1785734627887,bot7,rtt,49
1785734627888,bot9,rtt,50
1785734627889,bot18,rtt,46
1785734627889,bot19,rtt,45
1785734627890,bot0,rtt,46
1785734627890,bot1,rtt,52
1785734627890,bot2,rtt,51
1785734627891,bot16,rtt,50
1785734628827,bot11,rtt,41
1785734628878,bot12,rtt,42
1785734628881,bot1,rtt,41
1785734628881,bot2,rtt,41
1785734628881,bot3,rtt,41
1785734628881,bot6,rtt,41
1785734628882,bot5,rtt,42
1785734628882,bot7,rtt,42
1785734628883,bot8,rtt,43
1785734628883,bot16,rtt,42
1785734628883,bot10,rtt,43
1785734628884,bot9,rtt,44
1785734628885,bot14,rtt,45
1785734628885,bot18,rtt,42
1785734628885,bot13,rtt,45
1785734628886,bot4,rtt,46
1785734628886,bot19,rtt,43
1785734628887,bot0,rtt,44
1785734628889,bot15,rtt,48
1785734628889,bot17,rtt,48
1785734629828,bot11,rtt,43
1785734629880,bot12,rtt,43
1785734629880,bot3,rtt,41
1785734629881,bot9,rtt,42
1785734629881,bot13,rtt,42
1785734629883,bot2,rtt,43
1785734629883,bot17,rtt,41
1785734629884,bot6,rtt,44
1785734629884,bot8,rtt,43
1785734629884,bot10,rtt,45
1785734629885,bot18,rtt,41
1785734629885,bot4,rtt,44
1785734629886,bot1,rtt,46
1785734629886,bot16,rtt,44
1785734629887,bot14,rtt,46
1785734629887,bot5,rtt,47
1785734629887,bot7,rtt,47
1785734629889,bot19,rtt,45
1785734629889,bot0,rtt,45
1785734629889,bot15,rtt,47
1785734630829,bot11,rtt,43
1785734630881,bot12,rtt,43
1785734630882,bot13,rtt,42
1785734630882,bot3,rtt,41
1785734630883,bot10,rtt,42
1785734630885,bot9,rtt,44
1785734630887,bot0,rtt,43
1785734630887,bot1,rtt,44
1785734630888,bot2,rtt,45
1785734630888,bot5,rtt,45
1785734630888,bot6,rtt,45
1785734630889,bot16,rtt,46
1785734630889,bot15,rtt,46
1785734630890,bot8,rtt,47
1785734630890,bot7,rtt,47
1785734630891,bot17,rtt,48
1785734630891,bot14,rtt,48
1785734630891,bot18,rtt,47
1785734630892,bot4,rtt,49
1785734630892,bot19,rtt,48
1785734631829,bot11,rtt,43
1785734631879,bot12,rtt,42
1785734631883,bot10,rtt,43
1785734631884,bot3,rtt,44
1785734631884,bot9,rtt,44
1785734631884,bot13,rtt,44
1785734631886,bot1,rtt,42
1785734631886,bot4,rtt,42
1785734631886,bot5,rtt,42
1785734631887,bot7,rtt,43
1785734631887,bot2,rtt,43
1785734631887,bot6,rtt,43
1785734631888,bot8,rtt,44
1785734631888,bot15,rtt,44
1785734631888,bot17,rtt,44
1785734631889,bot0,rtt,43
1785734631890,bot18,rtt,44
1785734631891,bot19,rtt,45
1785734631891,bot16,rtt,47
1785734631891,bot14,rtt,47
1785734632831,bot11,rtt,45
1785734632880,bot12,rtt,43
1785734632883,bot3,rtt,43
1785734632884,bot10,rtt,44
1785734632884,bot9,rtt,44
1785734632885,bot13,rtt,45
1785734632887,bot15,rtt,42
1785734632887,bot17,rtt,42
1785734632888,bot1,rtt,43
1785734632888,bot16,rtt,43
1785734632888,bot2,rtt,43
1785734632889,bot6,rtt,44
1785734632889,bot14,rtt,44
1785734632890,bot8,rtt,45
1785734632890,bot5,rtt,46
1785734632891,bot7,rtt,47
1785734632892,bot18,rtt,46
1785734632892,bot4,rtt,47
1785734632893,bot19,rtt,47
1785734632895,bot0,rtt,49
1785734633830,bot11,rtt,43
1785734633880,bot12,rtt,43
1785734633882,bot10,rtt,42
1785734633882,bot9,rtt,42
1785734633883,bot13,rtt,43
1785734633884,bot3,rtt,44
1785734633887,bot1,rtt,41
1785734633888,bot5,rtt,42
1785734633888,bot7,rtt,42
1785734633889,bot16,rtt,43
1785734633890,bot15,rtt,44
1785734633891,bot19,rtt,45
1785734633891,bot14,rtt,45
1785734633891,bot17,rtt,45
1785734633892,bot0,rtt,46
1785734633892,bot2,rtt,46
1785734633892,bot6,rtt,46
1785734633893,bot8,rtt,47
1785734633894,bot18,rtt,48
1785734633894,bot4,rtt,48
1785734634836,bot11,rtt,48
1785734634880,bot12,rtt,42
1785734634883,bot10,rtt,42
1785734634883,bot3,rtt,42
1785734634885,bot9,rtt,44
1785734634885,bot13,rtt,44
1785734634888,bot1,rtt,41
1785734634889,bot2,rtt,42
1785734634889,bot15,rtt,42
1785734634890,bot0,rtt,43
1785734634890,bot6,rtt,43
1785734634891,bot5,rtt,44
1785734634891,bot8,rtt,44
1785734634891,bot7,rtt,44
1785734634892,bot17,rtt,45
1785734634894,bot18,rtt,47
1785734634894,bot19,rtt,47
1785734634895,bot4,rtt,48
1785734634895,bot16,rtt,48
1785734634895,bot14,rtt,48
1785734635830,bot11,rtt,42
1785734635881,bot12,rtt,43
1785734635883,bot13,rtt,42
1785734635884,bot3,rtt,42
1785734635885,bot10,rtt,43
1785734635885,bot9,rtt,43
1785734635889,bot15,rtt,41
1785734635890,bot1,rtt,42
1785734635890,bot17,rtt,42
1785734635890,bot16,rtt,42
1785734635891,bot2,rtt,43
1785734635891,bot6,rtt,43
1785734635892,bot5,rtt,44
1785734635892,bot14,rtt,44
1785734635892,bot8,rtt,44
1785734635893,bot7,rtt,45
1785734635894,bot18,rtt,46
1785734635895,bot4,rtt,47
1785734635895,bot19,rtt,47
1785734635897,bot0,rtt,49
1785734636831,bot11,rtt,43
1785734636881,bot13,rtt,41
1785734636882,bot12,rtt,44
1785734636883,bot3,rtt,41
1785734636884,bot9,rtt,42
1785734636885,bot10,rtt,43
1785734636889,bot17,rtt,41
1785734636890,bot6,rtt,42
1785734636890,bot1,rtt,42
1785734636890,bot8,rtt,42
1785734636891,bot16,rtt,43
1785734636891,bot5,rtt,43
1785734636892,bot7,rtt,44
1785734636893,bot18,rtt,45
1785734636894,bot14,rtt,46
1785734636894,bot4,rtt,46
1785734636896,bot19,rtt,48
1785734636897,bot0,rtt,49
1785734636897,bot15,rtt,49
1785734636897,bot2,rtt,49
1785734637831,bot11,rtt,43
1785734637882,bot12,rtt,43
1785734637883,bot13,rtt,43
1785734637886,bot3,rtt,44
1785734637886,bot10,rtt,44
1785734637887,bot9,rtt,45
1785734637893,bot0,rtt,42
1785734637893,bot2,rtt,43
1785734637894,bot6,rtt,44
1785734637894,bot8,rtt,44
1785734637895,bot17,rtt,45
1785734637896,bot18,rtt,46
1785734637896,bot4,rtt,46
1785734637897,bot16,rtt,47
1785734637897,bot14,rtt,47
1785734637898,bot15,rtt,48
1785734637899,bot1,rtt,49
1785734637899,bot5,rtt,49
1785734637900,bot7,rtt,50
1785734637902,bot19,rtt,51
1785734638831,bot11,rtt,43
1785734638881,bot12,rtt,43
1785734638883,bot13,rtt,42
1785734638885,bot3,rtt,42
1785734638886,bot10,rtt,44
1785734638886,bot9,rtt,43
1785734638893,bot0,rtt,43
1785734638893,bot16,rtt,43
1785734638893,bot2,rtt,43
1785734638894,bot14,rtt,44
1785734638894,bot6,rtt,44
1785734638895,bot1,rtt,45
1785734638895,bot8,rtt,45
1785734638896,bot5,rtt,46
1785734638897,bot7,rtt,47
1785734638897,bot18,rtt,47
1785734638898,bot4,rtt,48
1785734638899,bot19,rtt,49
1785734638899,bot15,rtt,49
1785734638900,bot17,rtt,50
1785734639835,bot11,rtt,46
1785734639883,bot12,rtt,44
1785734639887,bot3,rtt,44
1785734639888,bot9,rtt,46
1785734639889,bot10,rtt,47
1785734639889,bot13,rtt,47
1785734639894,bot16,rtt,42
1785734639895,bot2,rtt,44
1785734639896,bot14,rtt,45
1785734639896,bot6,rtt,45
1785734639898,bot8,rtt,46
1785734639899,bot18,rtt,47
1785734639900,bot4,rtt,49
1785734639901,bot1,rtt,50
1785734639904,bot15,rtt,53
1785734639904,bot5,rtt,53
1785734639905,bot17,rtt,53
1785734639906,bot7,rtt,55
1785734639908,bot19,rtt,56
1785734639910,bot0,rtt,58
1785734640832,bot11,rtt,43
1785734640886,bot3,rtt,44
1785734640894,bot9,rtt,52
1785734640895,bot10,rtt,53
1785734640897,bot12,rtt,58
1785734640899,bot13,rtt,57
1785734640900,bot18,rtt,48
1785734640901,bot19,rtt,48
1785734640903,bot4,rtt,50
1785734640916,bot0,rtt,63
1785734640918,bot1,rtt,66
1785734640921,bot15,rtt,69
1785734640922,bot16,rtt,70
1785734640923,bot2,rtt,71
1785734640930,bot5,rtt,78
1785734640934,bot6,rtt,82
1785734640939,bot14,rtt,87
1785734640940,bot17,rtt,88
1785734640943,bot8,rtt,91
1785734640946,bot7,rtt,94
1785734641835,bot11,rtt,45
1785734641883,bot12,rtt,44
1785734641884,bot9,rtt,41
1785734641886,bot13,rtt,43
1785734641893,bot3,rtt,50
1785734641894,bot17,rtt,41
1785734641894,bot14,rtt,41
1785734641895,bot10,rtt,52
1785734641897,bot5,rtt,46
1785734641899,bot7,rtt,48
1785734641905,bot0,rtt,50
1785734641906,bot2,rtt,54
1785734641907,bot15,rtt,54
1785734641908,bot1,rtt,56
1785734641910,bot6,rtt,58
1785734641911,bot16,rtt,58
1785734641912,bot8,rtt,59
1785734641916,bot18,rtt,63
1785734641917,bot4,rtt,64
1785734641922,bot19,rtt,67
1785734642834,bot11,rtt,44
1785734642881,bot12,rtt,42
1785734642887,bot3,rtt,44
1785734642889,bot9,rtt,46
1785734642891,bot13,rtt,48
1785734642894,bot5,rtt,41
1785734642896,bot2,rtt,43
1785734642897,bot15,rtt,44
1785734642900,bot19,rtt,44
1785734642900,bot16,rtt,47
1785734642901,bot8,rtt,48
1785734642904,bot14,rtt,51
1785734642905,bot10,rtt,62
1785734642909,bot18,rtt,55
1785734642910,bot4,rtt,57
1785734642917,bot6,rtt,64
1785734642921,bot0,rtt,65
1785734642925,bot1,rtt,72
1785734642929,bot7,rtt,76
1785734642934,bot17,rtt,80
1785734643837,bot11,rtt,47
1785734643886,bot3,rtt,42
1785734643894,bot9,rtt,50
1785734643895,bot10,rtt,51
1785734643899,bot12,rtt,57
1785734643905,bot18,rtt,51
1785734643906,bot13,rtt,62
1785734643911,bot4,rtt,57
1785734643916,bot19,rtt,60
1785734643929,bot15,rtt,75
1785734643933,bot16,rtt,79
1785734643938,bot2,rtt,84
1785734643942,bot17,rtt,88
1785734643943,bot5,rtt,91
1785734643947,bot14,rtt,93
1785734643950,bot6,rtt,96
1785734643952,bot7,rtt,100
1785734643956,bot8,rtt,102
1785734643977,bot0,rtt,121
1785734643979,bot1,rtt,125
1785734644835,bot11,rtt,45
1785734644889,bot10,rtt,44
1785734644890,bot12,rtt,48
1785734644902,bot4,rtt,48
1785734644905,bot9,rtt,60
1785734644909,bot17,rtt,55
1785734644916,bot0,rtt,60
1785734644918,bot1,rtt,64
1785734644923,bot16,rtt,69
1785734644926,bot2,rtt,72
1785734644929,bot6,rtt,75
1785734644932,bot3,rtt,87
1785734644939,bot14,rtt,85
1785734644942,bot8,rtt,88
1785734644943,bot5,rtt,89
1785734644952,bot15,rtt,98
1785734644955,bot7,rtt,101
1785734644959,bot18,rtt,105
1785734644965,bot13,rtt,120
1785734644970,bot19,rtt,114
1785734645836,bot11,rtt,45
1785734645887,bot12,rtt,45
1785734645891,bot3,rtt,45
1785734645894,bot9,rtt,48
1785734645896,bot13,rtt,50
1785734645897,bot10,rtt,51
1785734645897,bot14,rtt,41
1785734645900,bot15,rtt,44
1785734645903,bot19,rtt,46
1785734645906,bot1,rtt,50
1785734645919,bot0,rtt,62
1785734645921,bot5,rtt,65
1785734645923,bot2,rtt,67
1785734645927,bot7,rtt,71
1785734645929,bot6,rtt,73
1785734645934,bot8,rtt,78
1785734645937,bot16,rtt,81
1785734645949,bot17,rtt,93
1785734645951,bot18,rtt,95
1785734645955,bot4,rtt,99
1785734646835,bot11,rtt,44
1785734646887,bot12,rtt,44
1785734646891,bot3,rtt,45
1785734646894,bot9,rtt,48
1785734646897,bot13,rtt,51
1785734646898,bot10,rtt,52
1785734646904,bot18,rtt,47
1785734646906,bot1,rtt,49
1785734646908,bot16,rtt,51
1785734646915,bot14,rtt,58
1785734646916,bot5,rtt,61
1785734646919,bot0,rtt,61
1785734646920,bot7,rtt,63
1785734646922,bot2,rtt,65
1785734646926,bot15,rtt,69
1785734646927,bot6,rtt,70
1785734646930,bot17,rtt,73
1785734646932,bot8,rtt,75
1785734646936,bot19,rtt,78
1785734646939,bot4,rtt,82
1785734647836,bot11,rtt,45
1785734647892,bot13,rtt,46
1785734647894,bot12,rtt,52
1785734647902,bot17,rtt,45
1785734647905,bot2,rtt,48
1785734647908,bot8,rtt,51
1785734647909,bot5,rtt,52
1785734647912,bot7,rtt,55
1785734647914,bot9,rtt,68
1785734647919,bot1,rtt,62
1785734647921,bot3,rtt,75
1785734647923,bot15,rtt,66
1785734647925,bot6,rtt,68
1785734647928,bot16,rtt,71
1785734647931,bot19,rtt,73
1785734647936,bot18,rtt,79
1785734647939,bot0,rtt,81
1785734647941,bot14,rtt,84
1785734647944,bot10,rtt,98
1785734647948,bot4,rtt,91
1785734648839,bot11,rtt,47
1785734648887,bot12,rtt,44
1785734648888,bot9,rtt,41
1785734648891,bot13,rtt,45
1785734648896,bot10,rtt,49
1785734648899,bot2,rtt,42
1785734648902,bot6,rtt,45
1785734648903,bot3,rtt,56
1785734648907,bot8,rtt,49
1785734648910,bot5,rtt,53
1785734648913,bot16,rtt,55
1785734648917,bot7,rtt,60
1785734648923,bot0,rtt,63
1785734648925,bot1,rtt,68
1785734648927,bot14,rtt,69
1785734648928,bot15,rtt,70
1785734648930,bot17,rtt,72
1785734648933,bot18,rtt,75
1785734648934,bot4,rtt,76
1785734648941,bot19,rtt,81
1785734649838,bot11,rtt,46
1785734649893,bot3,rtt,44
1785734649896,bot9,rtt,47
1785734649896,bot10,rtt,49
1785734649897,bot12,rtt,54
1785734649899,bot13,rtt,52
1785734649902,bot19,rtt,42
1785734649904,bot4,rtt,46
1785734649909,bot6,rtt,52
1785734649911,bot15,rtt,53
1785734649913,bot16,rtt,55
1785734649915,bot17,rtt,57
1785734649917,bot14,rtt,59
1785734649920,bot0,rtt,56
1785734649920,bot1,rtt,63
1785734649922,bot2,rtt,65
1785734649925,bot5,rtt,68
1785734649928,bot7,rtt,71
1785734649929,bot8,rtt,71
1785734649939,bot18,rtt,80
1785734650837,bot11,rtt,45
1785734650891,bot10,rtt,43
1785734650892,bot12,rtt,49
1785734650894,bot13,rtt,46
1785734650900,bot14,rtt,42
1785734650902,bot2,rtt,44
1785734650904,bot3,rtt,54
1785734650906,bot5,rtt,48
1785734650908,bot6,rtt,50
1785734650910,bot7,rtt,52
1785734650912,bot8,rtt,54
1785734650913,bot9,rtt,63
1785734650920,bot15,rtt,62
1785734650925,bot16,rtt,67
1785734650927,bot1,rtt,69
1785734650930,bot0,rtt,63
1785734650931,bot17,rtt,73
1785734650944,bot19,rtt,84
1785734650948,bot18,rtt,88
1785734650950,bot4,rtt,92
1785734651845,bot11,rtt,51
1785734651901,bot6,rtt,42
1785734651904,bot15,rtt,45
1785734651905,bot16,rtt,46
1785734651908,bot8,rtt,49
1785734651909,bot10,rtt,53
1785734651912,bot14,rtt,53
1785734651913,bot17,rtt,54
1785734651915,bot12,rtt,59
1785734651919,bot18,rtt,56
1785734651920,bot1,rtt,61
1785734651922,bot3,rtt,63
1785734651926,bot4,rtt,67
1785734651928,bot5,rtt,69
1785734651932,bot7,rtt,73
1785734651937,bot9,rtt,78
1785734651943,bot13,rtt,87
1785734651950,bot19,rtt,87
1785734651969,bot0,rtt,99
1785734651971,bot2,rtt,112
1785734652317,bot1,respawn
1785734652838,bot11,rtt,44
1785734652900,bot10,rtt,44
1785734652900,bot3,rtt,41
1785734652901,bot12,rtt,45
1785734652905,bot5,rtt,45
1785734652908,bot4,rtt,48
1785734652910,bot14,rtt,50
1785734652911,bot7,rtt,51
1785734652913,bot9,rtt,53
1785734652917,bot15,rtt,57
1785734652919,bot13,rtt,63
1785734652922,bot17,rtt,62
1785734652925,bot19,rtt,53
1785734652927,bot1,rtt,67
1785734652933,bot0,rtt,61
1785734652940,bot16,rtt,80
1785734652941,bot18,rtt,69
1785734652947,bot2,rtt,87
1785734652949,bot6,rtt,89
1785734652952,bot8,rtt,92
1785734653839,bot11,rtt,44
1785734653900,bot3,rtt,42
1785734653902,bot5,rtt,41
1785734653904,bot17,rtt,43
1785734653906,bot6,rtt,45
1785734653907,bot7,rtt,46
1785734653910,bot8,rtt,49
1785734653911,bot9,rtt,50
1785734653916,bot15,rtt,55
1785734653920,bot0,rtt,45
1785734653923,bot2,rtt,62
1785734653930,bot16,rtt,69
1785734653931,bot10,rtt,75
1785734653937,bot14,rtt,76
1785734653939,bot12,rtt,83
1785734653941,bot13,rtt,85
1785734653945,bot18,rtt,70
1785734653948,bot19,rtt,73
1785734653950,bot4,rtt,89
1785734653952,bot1,rtt,91
1785734654842,bot11,rtt,46
1785734654904,bot9,rtt,43
1785734654906,bot14,rtt,44
1785734654908,bot17,rtt,46
1785734654909,bot10,rtt,52
1785734654912,bot13,rtt,56
1785734654913,bot12,rtt,57
1785734654919,bot18,rtt,43
1785734654920,bot1,rtt,59
1785734654928,bot4,rtt,66
1785734654933,bot0,rtt,57
1785734654933,bot3,rtt,74
1785734654936,bot2,rtt,75
1785734654939,bot16,rtt,77
1785734654944,bot15,rtt,82
1785734654945,bot5,rtt,84
1785734654947,bot6,rtt,86
1785734654949,bot7,rtt,88
1785734654951,bot8,rtt,89
1785734654956,bot19,rtt,80
1785734655839,bot11,rtt,43
1785734655901,bot10,rtt,44
1785734655901,bot3,rtt,42
1785734655903,bot12,rtt,46
1785734655905,bot9,rtt,44
1785734655907,bot15,rtt,46
1785734655912,bot17,rtt,49
1785734655912,bot4,rtt,51
1785734655915,bot16,rtt,52
1785734655916,bot13,rtt,59
1785734655919,bot14,rtt,58
1785734655921,bot19,rtt,44
1785734655922,bot1,rtt,61
1785734655936,bot0,rtt,59
1785734655937,bot2,rtt,76
1785734655940,bot6,rtt,79
1785734655941,bot8,rtt,80
1785734655943,bot7,rtt,82
1785734655947,bot18,rtt,70
1785734655951,bot5,rtt,90
1785734656840,bot11,rtt,44
1785734656904,bot10,rtt,47
1785734656905,bot12,rtt,48
1785734656906,bot13,rtt,49
1785734656907,bot4,rtt,41
1785734656916,bot3,rtt,57
1785734656918,bot15,rtt,52
1785734656921,bot16,rtt,55
1785734656923,bot6,rtt,57
1785734656926,bot5,rtt,60
1785734656927,bot14,rtt,61
1785734656929,bot17,rtt,63
1785734656930,bot8,rtt,64
1785734656933,bot7,rtt,67
1785734656935,bot9,rtt,70
1785734656946,bot18,rtt,69
1785734656949,bot19,rtt,72
1785734656950,bot1,rtt,84
1785734656952,bot0,rtt,75
1785734656953,bot2,rtt,87
1785734657840,bot11,rtt,43
1785734657904,bot10,rtt,46
1785734657905,bot13,rtt,47
1785734657905,bot12,rtt,48
1785734657906,bot3,rtt,47
1785734657913,bot5,rtt,44
1785734657914,bot2,rtt,45
1785734657915,bot15,rtt,46
1785734657917,bot6,rtt,48
1785734657919,bot17,rtt,50
1785734657920,bot9,rtt,52
1785734657923,bot16,rtt,54
1785734657926,bot14,rtt,57
1785734657928,bot19,rtt,50
1785734657930,bot18,rtt,53
1785734657938,bot1,rtt,69
1785734657940,bot4,rtt,71
1785734657942,bot7,rtt,73
1785734657946,bot8,rtt,77
1785734657964,bot0,rtt,86
1785734658840,bot11,rtt,44
1785734658901,bot3,rtt,41
1785734658905,bot13,rtt,47
1785734658908,bot10,rtt,50
1785734658909,bot12,rtt,51
1785734658913,bot5,rtt,42
1785734658919,bot16,rtt,48
1785734658920,bot15,rtt,49
1785734658922,bot2,rtt,51
1785734658924,bot6,rtt,53
1785734658927,bot7,rtt,56
1785734658932,bot14,rtt,61
1785734658934,bot19,rtt,56
1785734658935,bot8,rtt,64
1785734658937,bot17,rtt,66
1785734658940,bot9,rtt,69
1785734658947,bot1,rtt,76
1785734658951,bot18,rtt,73
1785734658952,bot4,rtt,81
1785734658961,bot0,rtt,81
1785734659840,bot11,rtt,44
1785734659903,bot3,rtt,43
1785734659907,bot10,rtt,48
1785734659908,bot12,rtt,50
1785734659911,bot13,rtt,53
1785734659922,bot15,rtt,50
1785734659924,bot2,rtt,52
1785734659928,bot5,rtt,56
1785734659931,bot6,rtt,59
1785734659933,bot16,rtt,61
1785734659936,bot17,rtt,64
1785734659938,bot14,rtt,66
1785734659941,bot8,rtt,69
1785734659944,bot7,rtt,72
1785734659948,bot9,rtt,78
1785734659958,bot18,rtt,80
1785734659959,bot4,rtt,87
1785734659966,bot19,rtt,88
1785734659967,bot1,rtt,95
1785734659981,bot0,rtt,101
1785734660840,bot11,rtt,44
1785734660902,bot10,rtt,43
1785734660904,bot12,rtt,46
1785734660907,bot3,rtt,46
1785734660910,bot13,rtt,52
1785734660915,bot17,rtt,43
1785734660920,bot5,rtt,48
1785734660922,bot16,rtt,50
1785734660923,bot7,rtt,51
1785734660926,bot14,rtt,54
1785734660927,bot9,rtt,57
1785734660936,bot15,rtt,64
1785734660940,bot0,rtt,59
1785734660942,bot2,rtt,70
1785734660944,bot6,rtt,72
1785734660946,bot8,rtt,74
1785734660949,bot18,rtt,70
1785734660951,bot4,rtt,79
1785734660955,bot19,rtt,76
1785734660956,bot1,rtt,84
1785734661842,bot11,rtt,45
1785734661908,bot10,rtt,49
1785734661908,bot13,rtt,49
1785734661909,bot12,rtt,51
1785734661912,bot3,rtt,51
1785734661914,bot5,rtt,42
1785734661917,bot7,rtt,45
1785734661919,bot15,rtt,47
1785734661921,bot16,rtt,49
1785734661921,bot2,rtt,49
1785734661923,bot9,rtt,52
1785734661926,bot14,rtt,54
1785734661927,bot17,rtt,55
1785734661929,bot6,rtt,57
1785734661932,bot8,rtt,60
1785734661942,bot19,rtt,62
1785734661943,bot1,rtt,71
1785734661946,bot18,rtt,67
1785734661948,bot4,rtt,76
1785734661958,bot0,rtt,76
1785734662839,bot11,rtt,43
1785734662902,bot10,rtt,43
1785734662903,bot12,rtt,44
1785734662904,bot3,rtt,42
1785734662910,bot13,rtt,51
1785734662918,bot2,rtt,46
1785734662919,bot6,rtt,47
1785734662921,bot15,rtt,48
1785734662923,bot8,rtt,50
1785734662927,bot17,rtt,54
1785734662932,bot18,rtt,52
1785734662935,bot4,rtt,62
1785734662936,bot5,rtt,64
1785734662939,bot7,rtt,67
1785734662940,bot16,rtt,67
1785734662942,bot9,rtt,71
1785734662947,bot14,rtt,74
1785734662952,bot19,rtt,71
1785734662953,bot1,rtt,81
1785734662963,bot0,rtt,80
1785734663840,bot11,rtt,44
1785734663905,bot10,rtt,46
1785734663906,bot13,rtt,47
1785734663907,bot12,rtt,48
1785734663910,bot3,rtt,47
1785734663918,bot15,rtt,44
1785734663919,bot16,rtt,45
1785734663922,bot17,rtt,48
1785734663923,bot5,rtt,50
1785734663925,bot2,rtt,51
1785734663926,bot7,rtt,53
1785734663927,bot6,rtt,53
1785734663929,bot9,rtt,57
1785734663933,bot8,rtt,59
1785734663943,bot19,rtt,61
1785734663946,bot1,rtt,72
1785734663949,bot18,rtt,68
1785734663950,bot4,rtt,76
1785734663958,bot14,rtt,84
1785734663961,bot0,rtt,78
1785734664824,bot11,respawn
1785734664841,bot11,rtt,44
1785734664905,bot13,rtt,45
1785734664906,bot10,rtt,46
1785734664907,bot12,rtt,47
1785734664911,bot3,rtt,47
1785734664915,bot7,rtt,42
1785734664917,bot2,rtt,44
1785734664919,bot6,rtt,46
1785734664920,bot9,rtt,48
1785734664923,bot8,rtt,50
1785734664929,bot14,rtt,56
1785734664931,bot17,rtt,56
1785734664935,bot19,rtt,54
1785734664937,bot18,rtt,56
1785734664938,bot4,rtt,65
1785734664940,bot1,rtt,67
1785734664953,bot0,rtt,68
1785734664953,bot5,rtt,80
1785734664956,bot15,rtt,83
1785734664957,bot16,rtt,84
1785734665841,bot11,rtt,43
1785734665905,bot13,rtt,45
1785734665906,bot10,rtt,46
1785734665906,bot12,rtt,46
1785734665915,bot3,rtt,44
1785734665916,bot15,rtt,41
1785734665919,bot14,rtt,44
1785734665920,bot5,rtt,46
1785734665922,bot2,rtt,47
1785734665924,bot17,rtt,48
1785734665925,bot7,rtt,51
1785734665926,bot9,rtt,53
1785734665928,bot8,rtt,53
1785734665935,bot19,rtt,53
1785734665939,bot18,rtt,57
1785734665940,bot1,rtt,65
1785734665942,bot4,rtt,67
1785734665951,bot6,rtt,76
1785734665953,bot16,rtt,78
1785734665956,bot0,rtt,72
1785734666843,bot11,rtt,46
1785734666907,bot10,rtt,47
1785734666908,bot13,rtt,48
1785734666908,bot12,rtt,48
1785734666915,bot9,rtt,41
1785734666921,bot1,rtt,45
1785734666924,bot4,rtt,48
1785734666933,bot3,rtt,62
1785734666937,bot0,rtt,52
1785734666943,bot15,rtt,67
1785734666945,bot2,rtt,69
1785734666947,bot16,rtt,71
1785734666948,bot5,rtt,72
1785734666951,bot6,rtt,75
1785734666952,bot7,rtt,76
1785734666954,bot17,rtt,76
1785734666956,bot8,rtt,80
1785734666957,bot14,rtt,81
1785734666964,bot19,rtt,82
1785734666965,bot18,rtt,83
1785734667844,bot11,rtt,47
1785734667909,bot10,rtt,49
1785734667910,bot12,rtt,50
1785734667916,bot13,rtt,56
1785734667926,bot2,rtt,48
1785734667930,bot6,rtt,52
1785734667936,bot16,rtt,57
1785734667942,bot8,rtt,63
1785734667945,bot14,rtt,66
1785734667961,bot18,rtt,79
1785734667965,bot4,rtt,87
1785734667967,bot15,rtt,88
1785734667972,bot3,rtt,94
1785734667976,bot5,rtt,98
1785734667980,bot17,rtt,101
1785734667983,bot7,rtt,105
1785734667985,bot9,rtt,107
1785734667996,bot19,rtt,114
1785734668001,bot1,rtt,123
1785734668051,bot0,rtt,164
1785734668847,bot11,rtt,49
1785734668911,bot10,rtt,50
1785734668914,bot12,rtt,53
1785734668915,bot13,rtt,54
1785734668934,bot0,rtt,46
1785734668936,bot3,rtt,50
1785734668938,bot2,rtt,53
1785734668940,bot16,rtt,54
1785734668943,bot15,rtt,58
1785734668946,bot5,rtt,61
1785734668948,bot6,rtt,63
1785734668951,bot8,rtt,65
1785734668954,bot17,rtt,68
1785734668956,bot7,rtt,71
1785734668960,bot14,rtt,75
1785734668963,bot9,rtt,78
1785734668968,bot18,rtt,82
1785734668970,bot4,rtt,85
1785734668972,bot19,rtt,86
1785734668973,bot1,rtt,88
1785734669842,bot11,rtt,44
1785734669908,bot10,rtt,44
1785734669909,bot13,rtt,46
1785734669910,bot12,rtt,47
1785734669927,bot2,rtt,41
1785734669929,bot15,rtt,43
1785734669930,bot6,rtt,44
1785734669932,bot17,rtt,46
1785734669934,bot8,rtt,48
1785734669936,bot0,rtt,48
1785734669938,bot3,rtt,52
1785734669941,bot5,rtt,55
1785734669944,bot7,rtt,58
1785734669946,bot9,rtt,60
1785734669951,bot16,rtt,65
1785734669954,bot14,rtt,68
1785734669957,bot18,rtt,71
1785734669958,bot4,rtt,72
1785734669963,bot19,rtt,77
1785734669965,bot1,rtt,79
1785734670845,bot11,rtt,47
1785734670916,bot10,rtt,53
1785734670919,bot12,rtt,56
1785734670925,bot13,rtt,62
1785734670942,bot8,rtt,54
1785734670948,bot3,rtt,61
1785734670955,bot5,rtt,68
1785734670957,bot7,rtt,70
1785734670961,bot18,rtt,73
1785734670964,bot4,rtt,77
1785734670967,bot9,rtt,80
1785734670975,bot19,rtt,87
1785734670978,bot1,rtt,91
1785734670996,bot0,rtt,107
1785734670999,bot15,rtt,111
1785734671004,bot16,rtt,116
1785734671008,bot2,rtt,121
1785734671011,bot17,rtt,123
1785734671015,bot14,rtt,127
1785734671017,bot6,rtt,130
1785734671845,bot11,rtt,46
1785734671914,bot13,rtt,51
1785734671915,bot10,rtt,52
1785734671918,bot12,rtt,55
1785734671931,bot4,rtt,43
1785734671933,bot3,rtt,46
1785734671936,bot0,rtt,47
1785734671938,bot15,rtt,50
1785734671940,bot5,rtt,52
1785734671942,bot2,rtt,54
1785734671945,bot16,rtt,56
1785734671947,bot17,rtt,58
1785734671949,bot7,rtt,61
1785734671951,bot14,rtt,63
1785734671954,bot6,rtt,66
1785734671955,bot9,rtt,67
1785734671958,bot8,rtt,70
1785734671962,bot19,rtt,73
1785734671965,bot1,rtt,77
1785734671977,bot18,rtt,88
1785734672844,bot11,rtt,43
1785734672910,bot10,rtt,47
1785734672910,bot12,rtt,47
1785734672911,bot13,rtt,48
1785734672934,bot16,rtt,44
1785734672936,bot2,rtt,46
1785734672938,bot14,rtt,48
1785734672939,bot3,rtt,52
1785734672942,bot6,rtt,52
1785734672944,bot17,rtt,54
1785734672946,bot8,rtt,56
1785734672947,bot5,rtt,57
1785734672952,bot7,rtt,62
1785734672955,bot9,rtt,67
1785734672958,bot18,rtt,68
1785734672962,bot4,rtt,72
1785734672965,bot19,rtt,75
1785734672968,bot1,rtt,78
1785734672981,bot0,rtt,91
1785734672991,bot15,rtt,101
1785734673845,bot11,rtt,44
1785734673909,bot10,rtt,45
1785734673909,bot12,rtt,46
1785734673910,bot13,rtt,47
1785734673931,bot3,rtt,43
1785734673931,bot5,rtt,40
1785734673933,bot7,rtt,42
1785734673934,bot6,rtt,43
1785734673936,bot9,rtt,48
1785734673938,bot8,rtt,47
1785734673943,bot19,rtt,52
1785734673946,bot1,rtt,55
1785734673950,bot18,rtt,59
1785734673952,bot4,rtt,61
1785734673959,bot15,rtt,68
1785734673961,bot16,rtt,70
1785734673963,bot0,rtt,72
1785734673964,bot14,rtt,73
1785734673966,bot17,rtt,75
1785734673973,bot2,rtt,82
1785734674847,bot11,rtt,45
1785734674910,bot10,rtt,45
1785734674911,bot12,rtt,46
1785734674912,bot13,rtt,47
1785734674932,bot3,rtt,44
1785734674933,bot5,rtt,42
1785734674935,bot17,rtt,43
1785734674938,bot18,rtt,46
1785734674939,bot4,rtt,47
1785734674940,bot7,rtt,48
1785734674942,bot9,rtt,54
1785734674946,bot19,rtt,54
1785734674947,bot1,rtt,55
1785734674952,bot6,rtt,60
1785734674953,bot14,rtt,61
1785734674955,bot8,rtt,63
1785734674956,bot15,rtt,64
1785734674963,bot16,rtt,71
1785734674965,bot0,rtt,73
1785734674966,bot2,rtt,74
1785734675847,bot11,rtt,45
1785734675919,bot10,rtt,51
1785734675920,bot12,rtt,52
1785734675921,bot13,rtt,53
1785734675930,bot3,rtt,41
1785734675938,bot2,rtt,46
1785734675940,bot15,rtt,48
1785734675942,bot5,rtt,51
1785734675945,bot6,rtt,54
1785734675948,bot17,rtt,56
1785734675952,bot8,rtt,60
1785734675953,bot7,rtt,62
1785734675958,bot9,rtt,69
1785734675964,bot18,rtt,72
1785734675966,bot19,rtt,74
1785734675967,bot1,rtt,76
1785734675970,bot16,rtt,78
1785734675974,bot14,rtt,82
1785734675976,bot4,rtt,84
1785734675987,bot0,rtt,95
1785734676848,bot11,rtt,45
1785734676915,bot13,rtt,47
1785734676917,bot10,rtt,49
1785734676918,bot12,rtt,51
1785734676936,bot3,rtt,46
1785734676939,bot15,rtt,45
1785734676942,bot18,rtt,47
1785734676943,bot4,rtt,49
1785734676945,bot17,rtt,51
1785734676946,bot5,rtt,54
1785734676948,bot7,rtt,56
1785734676950,bot9,rtt,60
1785734676955,bot19,rtt,61
1785734676956,bot1,rtt,64
1785734676968,bot0,rtt,74
1785734676968,bot2,rtt,74
1785734676970,bot6,rtt,78
1785734676972,bot8,rtt,78
1785734676975,bot16,rtt,81
1785734676977,bot14,rtt,83
1785734677846,bot11,rtt,44
1785734677917,bot13,rtt,48
1785734677918,bot10,rtt,49
1785734677919,bot12,rtt,52
1785734677932,bot3,rtt,41
1785734677934,bot5,rtt,41
1785734677935,bot7,rtt,42
1785734677937,bot6,rtt,44
1785734677939,bot9,rtt,48
1785734677943,bot8,rtt,49
1785734677953,bot19,rtt,59
1785734677954,bot0,rtt,60
1785734677957,bot15,rtt,63
1785734677960,bot17,rtt,66
1785734677962,bot2,rtt,68
1785734677968,bot1,rtt,75
1785734677971,bot18,rtt,77
1785734677975,bot4,rtt,81
1785734677977,bot16,rtt,83
1785734677979,bot14,rtt,85
1785734678848,bot11,rtt,46
1785734678918,bot13,rtt,48
1785734678918,bot10,rtt,48
1785734678919,bot12,rtt,52
1785734678933,bot3,rtt,41
1785734678936,bot5,rtt,44
1785734678938,bot15,rtt,42
1785734678939,bot7,rtt,47
1785734678942,bot6,rtt,46
1785734678946,bot17,rtt,50
1785734678946,bot9,rtt,54
1785734678949,bot8,rtt,53
1785734678956,bot19,rtt,60
1785734678959,bot16,rtt,63
1785734678960,bot1,rtt,68
1785734678963,bot14,rtt,67
1785734678968,bot18,rtt,72
1785734678970,bot4,rtt,74
1785734678982,bot0,rtt,86
1785734678983,bot2,rtt,87
1785734679852,bot11,rtt,50
1785734679926,bot10,rtt,53
1785734679927,bot12,rtt,55
1785734679930,bot13,rtt,57
1785734679941,bot17,rtt,44
1785734679942,bot3,rtt,50
1785734679945,bot6,rtt,48
1785734679947,bot5,rtt,55
1785734679949,bot8,rtt,52
1785734679952,bot7,rtt,60
1785734679956,bot9,rtt,64
1785734679959,bot18,rtt,62
1785734679962,bot4,rtt,65
1785734679965,bot19,rtt,68
1785734679967,bot1,rtt,75
1785734679984,bot0,rtt,87
1785734679986,bot15,rtt,89
1785734679988,bot16,rtt,91
1785734679988,bot2,rtt,91
1785734679991,bot14,rtt,94
1785734680849,bot11,rtt,46
1785734680922,bot10,rtt,42
1785734680923,bot12,rtt,43
1785734680931,bot13,rtt,51
1785734680935,bot5,rtt,43
1785734680936,bot7,rtt,44
1785734680938,bot9,rtt,46
1785734680941,bot14,rtt,44
1785734680944,bot15,rtt,47
1785734680947,bot17,rtt,50
1785734680964,bot6,rtt,67
1785734680969,bot8,rtt,72
1785734680971,bot19,rtt,74
1785734680976,bot18,rtt,79
1785734680979,bot3,rtt,87
1785734680982,bot0,rtt,85
1785734680983,bot2,rtt,86
1785734680992,bot16,rtt,95
1785734680996,bot1,rtt,104
1785734680999,bot4,rtt,102
1785734681847,bot11,rtt,44
1785734681928,bot13,rtt,47
1785734681930,bot10,rtt,49
1785734681931,bot12,rtt,51
1785734681939,bot5,rtt,46
1785734681941,bot14,rtt,44
1785734681942,bot8,rtt,45
1785734681945,bot19,rtt,48
1785734681950,bot0,rtt,53
1785734681951,bot2,rtt,54
1785734681952,bot3,rtt,59
1785734681954,bot6,rtt,57
1785734681956,bot17,rtt,59
1785734681957,bot7,rtt,64
1785734681959,bot9,rtt,66
1785734681961,bot1,rtt,68
1785734681963,bot18,rtt,66
1785734681967,bot4,rtt,70
1785734681971,bot16,rtt,74
1785734681973,bot15,rtt,76
1785734682850,bot11,rtt,45
1785734682926,bot10,rtt,45
1785734682927,bot12,rtt,47
1785734682927,bot13,rtt,46
1785734682934,bot3,rtt,42
1785734682935,bot7,rtt,41
1785734682936,bot9,rtt,42
1785734682940,bot18,rtt,43
1785734682940,bot1,rtt,46
1785734682943,bot4,rtt,46
1785734682950,bot5,rtt,56
1785734682952,bot2,rtt,55
1785734682953,bot6,rtt,56
1785734682956,bot8,rtt,59
1785734682961,bot19,rtt,64
1785734682963,bot0,rtt,66
1785734682965,bot15,rtt,68
1785734682968,bot16,rtt,71
1785734682969,bot17,rtt,72
1785734682971,bot14,rtt,74
1785734683847,bot11,rtt,43
1785734683926,bot10,rtt,46
1785734683927,bot13,rtt,47
1785734683927,bot12,rtt,47
1785734683934,bot3,rtt,42
1785734683940,bot15,rtt,42
1785734683942,bot17,rtt,44
1785734683944,bot0,rtt,46
1785734683946,bot2,rtt,48
1785734683947,bot5,rtt,53
1785734683949,bot7,rtt,54
1785734683951,bot6,rtt,53
1785734683952,bot9,rtt,58
1785734683954,bot8,rtt,56
1785734683957,bot16,rtt,59
1785734683961,bot1,rtt,66
1785734683964,bot4,rtt,66
1785734683975,bot19,rtt,77
1785734683979,bot14,rtt,81
1785734683980,bot18,rtt,82
1785734684846,bot11,rtt,42
1785734684927,bot13,rtt,46
1785734684927,bot10,rtt,46
1785734684928,bot12,rtt,47
1785734684934,bot3,rtt,42
1785734684936,bot7,rtt,41
1785734684937,bot9,rtt,42
1785734684940,bot1,rtt,45
1785734684950,bot16,rtt,52
1785734684955,bot15,rtt,57
1785734684957,bot14,rtt,59
1785734684959,bot17,rtt,61
1785734684959,bot5,rtt,64
1785734684962,bot0,rtt,64
1785734684963,bot2,rtt,65
1785734684965,bot6,rtt,67
1785734684967,bot8,rtt,69
1785734684976,bot18,rtt,78
1785734684978,bot19,rtt,80
1785734684983,bot4,rtt,85
1785734685849,bot11,rtt,45
1785734685931,bot13,rtt,49
1785734685933,bot10,rtt,51
1785734685934,bot12,rtt,52
1785734685943,bot4,rtt,44
1785734685948,bot0,rtt,49
1785734685950,bot5,rtt,53
1785734685955,bot16,rtt,56
1785734685956,bot7,rtt,59
1785734685960,bot14,rtt,61
1785734685961,bot2,rtt,62
1785734685963,bot9,rtt,69
1785734685965,bot6,rtt,66
1785734685970,bot8,rtt,71
1785734685972,bot15,rtt,73
1785734685978,bot17,rtt,79
1785734685983,bot19,rtt,84
1785734685983,bot1,rtt,85
1785734685986,bot18,rtt,87
1785734685990,bot3,rtt,98
1785734686854,bot11,rtt,50
1785734686928,bot13,rtt,45
1785734686929,bot10,rtt,46
1785734686930,bot12,rtt,48
1785734686934,bot3,rtt,41
1785734686936,bot9,rtt,42
1785734686943,bot18,rtt,43
1785734686944,bot4,rtt,45
1785734686948,bot5,rtt,50
1785734686951,bot7,rtt,53
1785734686955,bot0,rtt,55
1785734686957,bot15,rtt,58
1785734686962,bot2,rtt,63
1785734686965,bot19,rtt,65
1785734686967,bot16,rtt,68
1785734686968,bot17,rtt,68
1785734686969,bot1,rtt,71
1785734686971,bot6,rtt,72
1785734686977,bot14,rtt,78
1785734686978,bot8,rtt,79
1785734687850,bot11,rtt,46
1785734687928,bot13,rtt,45
1785734687931,bot10,rtt,48
1785734687931,bot12,rtt,48
1785734687935,bot3,rtt,42
1785734687936,bot9,rtt,42
1785734687944,bot8,rtt,45
1785734687947,bot15,rtt,48
1785734687948,bot5,rtt,50
1785734687949,bot7,rtt,51
1785734687953,bot17,rtt,54
1785734687955,bot0,rtt,54
1785734687957,bot16,rtt,58
1785734687960,bot19,rtt,61
1785734687962,bot2,rtt,63
1785734687963,bot14,rtt,64
1785734687964,bot1,rtt,66
1785734687966,bot6,rtt,67
1785734687974,bot18,rtt,75
1785734687975,bot4,rtt,76
1785734688851,bot11,rtt,47
1785734688929,bot13,rtt,46
1785734688932,bot10,rtt,49
1785734688932,bot12,rtt,50
1785734688937,bot3,rtt,43
1785734688942,bot17,rtt,43
1785734688943,bot6,rtt,44
1785734688945,bot8,rtt,46
1785734688951,bot16,rtt,52
1785734688952,bot18,rtt,53
1785734688954,bot14,rtt,55
1785734688956,bot4,rtt,57
1785734688966,bot15,rtt,67
1785734688970,bot5,rtt,72
1785734688973,bot7,rtt,75
1785734688974,bot9,rtt,77
1785734688977,bot0,rtt,75
1785734688980,bot19,rtt,81
1785734688986,bot1,rtt,88
1785734688988,bot2,rtt,89
1785734689849,bot11,rtt,45
1785734689929,bot10,rtt,45
1785734689929,bot13,rtt,45
1785734689930,bot12,rtt,48
1785734689936,bot3,rtt,42
1785734689945,bot15,rtt,45
1785734689946,bot17,rtt,46
1785734689948,bot16,rtt,48
1785734689950,bot14,rtt,50
1785734689954,bot0,rtt,52
1785734689954,bot5,rtt,56
1785734689956,bot7,rtt,58
1785734689958,bot2,rtt,58
1785734689959,bot9,rtt,61
1785734689962,bot6,rtt,63
1785734689965,bot8,rtt,65
1785734689968,bot19,rtt,68
1785734689971,bot1,rtt,73
1785734689975,bot18,rtt,75
1785734689976,bot4,rtt,76
1785734690849,bot11,rtt,45
1785734690927,bot12,rtt,45
1785734690932,bot13,rtt,48
1785734690932,bot10,rtt,48
1785734690935,bot3,rtt,40
1785734690940,bot5,rtt,42
1785734690943,bot7,rtt,45
1785734690944,bot9,rtt,47
1785734690947,bot14,rtt,46
1785734690951,bot0,rtt,47
1785734690953,bot19,rtt,50
1785734690954,bot1,rtt,56
1785734690958,bot2,rtt,58
1785734690959,bot6,rtt,59
1785734690961,bot8,rtt,61
1785734690967,bot18,rtt,64
1785734690968,bot4,rtt,68
1785734690976,bot16,rtt,76
1785734690979,bot15,rtt,79
1785734690982,bot17,rtt,79
1785734691849,bot11,rtt,45
1785734691927,bot13,rtt,42
1785734691927,bot10,rtt,42
1785734691928,bot12,rtt,46
1785734691944,bot15,rtt,44
1785734691947,bot16,rtt,47
1785734691948,bot6,rtt,48
1785734691950,bot7,rtt,51
1785734691953,bot14,rtt,53
1785734691955,bot8,rtt,55
1785734691956,bot3,rtt,61
1785734691958,bot5,rtt,59
1785734691961,bot0,rtt,56
1785734691961,bot2,rtt,61
1785734691963,bot9,rtt,64
1785734691965,bot17,rtt,63
1785734691972,bot19,rtt,70
1785734691974,bot1,rtt,75
1785734691977,bot18,rtt,75
1785734691981,bot4,rtt,81
1785734692850,bot11,rtt,46
1785734692927,bot10,rtt,42
1785734692928,bot13,rtt,43
1785734692928,bot12,rtt,45
1785734692938,bot3,rtt,41
1785734692939,bot7,rtt,41
1785734692940,bot9,rtt,42
1785734692946,bot16,rtt,45
1785734692950,bot19,rtt,46
1785734692952,bot17,rtt,48
1785734692954,bot18,rtt,50
1785734692955,bot1,rtt,56
1785734692957,bot14,rtt,56
1785734692959,bot4,rtt,58
1785734692972,bot0,rtt,65
1785734692973,bot2,rtt,72
1785734692975,bot5,rtt,77
1785734692977,bot6,rtt,76
1785734692982,bot8,rtt,81
1785734692984,bot15,rtt,83
1785734693851,bot11,rtt,47
1785734693932,bot13,rtt,46
1785734693937,bot10,rtt,51
1785734693938,bot12,rtt,52
1785734693944,bot3,rtt,47
1785734693947,bot15,rtt,45
1785734693949,bot5,rtt,51
1785734693951,bot7,rtt,53
1785734693955,bot17,rtt,50
1785734693955,bot9,rtt,57
1785734693958,bot16,rtt,56
1785734693963,bot14,rtt,61
1785734693965,bot0,rtt,58
1785734693967,bot19,rtt,62
1785734693969,bot1,rtt,70
1785734693972,bot2,rtt,70
1785734693977,bot6,rtt,75
1785734693980,bot8,rtt,78
1785734693987,bot18,rtt,82
1785734693989,bot4,rtt,87
1785734694850,bot11,rtt,45
1785734694932,bot13,rtt,46
1785734694933,bot10,rtt,47
1785734694933,bot12,rtt,47
1785734694938,bot3,rtt,41
1785734694943,bot1,rtt,43
1785734694950,bot5,rtt,51
1785734694952,bot2,rtt,48
1785734694954,bot15,rtt,50
1785734694955,bot7,rtt,56
1785734694957,bot6,rtt,54
1785734694958,bot9,rtt,59
1785734694961,bot17,rtt,56
1785734694963,bot8,rtt,59
1785734694964,bot16,rtt,60
1785734694969,bot19,rtt,64
1785734694970,bot14,rtt,66
1785734694976,bot18,rtt,71
1785734694977,bot4,rtt,73
1785734694986,bot0,rtt,78
1785734695850,bot11,rtt,45
1785734695932,bot13,rtt,46
1785734695940,bot10,rtt,53
1785734695941,bot12,rtt,55
1785734695947,bot3,rtt,50
1785734695948,bot5,rtt,48
1785734695949,bot7,rtt,49
1785734695951,bot19,rtt,44
1785734695952,bot6,rtt,45
1785734695954,bot17,rtt,47
1785734695955,bot1,rtt,51
1785734695958,bot8,rtt,51
1785734695969,bot18,rtt,62
1785734695970,bot4,rtt,63
1785734695973,bot0,rtt,64
1785734695975,bot2,rtt,68
1785734695977,bot16,rtt,70
1785734695979,bot14,rtt,72
1785734695980,bot9,rtt,80
1785734695990,bot15,rtt,83
1785734696849,bot11,rtt,44
1785734696932,bot13,rtt,45
1785734696932,bot10,rtt,45
1785734696934,bot12,rtt,48
1785734696939,bot3,rtt,41
1785734696941,bot9,rtt,41
1785734696948,bot5,rtt,48
1785734696949,bot16,rtt,41
1785734696953,bot7,rtt,53
1785734696957,bot18,rtt,49
1785734696964,bot19,rtt,56
1785734696965,bot1,rtt,60
1785734696968,bot0,rtt,57
1785734696971,bot15,rtt,63
1785734696973,bot2,rtt,65
1785734696974,bot6,rtt,66
1785734696976,bot17,rtt,68
1785734696979,bot8,rtt,71
1785734696985,bot14,rtt,77
1785734696987,bot4,rtt,79
1785734697850,bot11,rtt,45
1785734697928,bot12,rtt,42
1785734697934,bot10,rtt,48
1785734697935,bot13,rtt,49
1785734697943,bot3,rtt,46
1785734697946,bot9,rtt,46
1785734697948,bot1,rtt,42
1785734697950,bot8,rtt,42
1785734697953,bot5,rtt,52
1785734697955,bot7,rtt,54
1785734697960,bot19,rtt,51
1785734697969,bot0,rtt,59
1785734697970,bot2,rtt,62
1785734697973,bot17,rtt,64
1785734697974,bot6,rtt,66
1785734697980,bot18,rtt,71
1785734697980,bot4,rtt,72
1785734697985,bot16,rtt,77
1785734697990,bot14,rtt,82
1785734697995,bot15,rtt,87
1785734698851,bot11,rtt,45
1785734698932,bot10,rtt,46
1785734698932,bot12,rtt,46
1785734698933,bot13,rtt,47
1785734698939,bot3,rtt,41
1785734698941,bot9,rtt,41
1785734698945,bot5,rtt,45
1785734698946,bot7,rtt,46
1785734698949,bot1,rtt,43
1785734698955,bot19,rtt,46
1785734698965,bot0,rtt,54
1785734698966,bot16,rtt,58
1785734698969,bot15,rtt,61
1785734698971,bot2,rtt,63
1785734698980,bot18,rtt,72
1785734698982,bot4,rtt,74
1785734698983,bot6,rtt,75
1785734698986,bot8,rtt,78
1785734698987,bot17,rtt,79
1785734698992,bot14,rtt,84
1785734699860,bot11,rtt,52
1785734699933,bot13,rtt,47
1785734699934,bot10,rtt,48
1785734699934,bot12,rtt,48
1785734699942,bot3,rtt,41
1785734699943,bot5,rtt,42
1785734699944,bot7,rtt,43
1785734699945,bot9,rtt,44
1785734699950,bot1,rtt,44
1785734699954,bot4,rtt,44
1785734699957,bot8,rtt,47
1785734699960,bot0,rtt,44
1785734699963,bot14,rtt,53
1785734699968,bot19,rtt,58
1785734699975,bot18,rtt,65
1785734699977,bot16,rtt,67
1785734699980,bot15,rtt,70
1785734699981,bot2,rtt,71
1785734699985,bot17,rtt,75
1785734699987,bot6,rtt,77
1785734700853,bot11,rtt,44
1785734700932,bot13,rtt,46
1785734700932,bot10,rtt,46
1785734700933,bot12,rtt,47
1785734700940,bot3,rtt,40
1785734700950,bot5,rtt,49
1785734700951,bot7,rtt,50
1785734700952,bot9,rtt,51
1785734700953,bot1,rtt,47
1785734700961,bot14,rtt,44
1785734700963,bot15,rtt,46
1785734700967,bot17,rtt,50
1785734700968,bot0,rtt,51
1785734700973,bot19,rtt,56
1785734700974,bot16,rtt,57
1785734700975,bot2,rtt,58
1785734700976,bot6,rtt,59
1785734700981,bot8,rtt,64
1785734700987,bot18,rtt,70
1785734700989,bot4,rtt,72
1785734701853,bot11,rtt,44
1785734701932,bot10,rtt,45
1785734701933,bot13,rtt,46
1785734701933,bot12,rtt,46
1785734701941,bot3,rtt,41
1785734701948,bot5,rtt,46
1785734701949,bot7,rtt,47
1785734701949,bot9,rtt,47
1785734701952,bot1,rtt,45
1785734701962,bot0,rtt,43
1785734701963,bot15,rtt,45
1785734701965,bot2,rtt,47
1785734701966,bot16,rtt,48
1785734701967,bot14,rtt,49
1785734701969,bot6,rtt,51
1785734701970,bot17,rtt,52
1785734701974,bot8,rtt,56
1785734701979,bot19,rtt,60
1785734701981,bot18,rtt,63
1785734701985,bot4,rtt,67
1785734702854,bot11,rtt,44
1785734702936,bot10,rtt,49
1785734702937,bot13,rtt,50
1785734702937,bot12,rtt,51
1785734702943,bot3,rtt,43
1785734702945,bot5,rtt,43
1785734702948,bot7,rtt,45
1785734702950,bot9,rtt,48
1785734702957,bot1,rtt,49
1785734702964,bot0,rtt,46
1785734702967,bot2,rtt,49
1785734702969,bot6,rtt,51
1785734702972,bot16,rtt,54
1785734702973,bot8,rtt,55
1785734702976,bot15,rtt,58
1785734702977,bot14,rtt,59
1785734702984,bot17,rtt,66
1785734702986,bot19,rtt,68
1785734702987,bot18,rtt,69
1785734702990,bot4,rtt,72
1785734703858,bot11,rtt,46
1785734703931,bot10,rtt,44
1785734703931,bot12,rtt,45
1785734703931,bot13,rtt,44
1785734703942,bot3,rtt,41
1785734703951,bot5,rtt,48
1785734703952,bot7,rtt,49
1785734703954,bot9,rtt,51
1785734703956,bot1,rtt,48
1785734703961,bot2,rtt,43
1785734703964,bot15,rtt,46
1785734703966,bot6,rtt,48
1785734703969,bot8,rtt,51
1785734703972,bot17,rtt,54
1785734703973,bot19,rtt,55
1785734703980,bot16,rtt,62
1785734703982,bot14,rtt,64
1785734703983,bot18,rtt,65
1785734703983,bot4,rtt,65
1785734703986,bot0,rtt,68
1785734704877,bot11,rtt,63
1785734704936,bot10,rtt,49
1785734704936,bot12,rtt,49
1785734704937,bot13,rtt,50
1785734704943,bot3,rtt,41
1785734704944,bot5,rtt,41
1785734704945,bot7,rtt,42
1785734704946,bot9,rtt,43
1785734704963,bot2,rtt,45
1785734704967,bot6,rtt,49
1785734704969,bot15,rtt,51
1785734704970,bot19,rtt,52
1785734704972,bot8,rtt,54
1785734704972,bot1,rtt,64
1785734704980,bot16,rtt,62
1785734704983,bot0,rtt,65
1785734704986,bot14,rtt,68
1785734704993,bot17,rtt,75
1785734704996,bot18,rtt,78
1785734704997,bot4,rtt,79
1785734705879,bot11,rtt,63
1785734705941,bot13,rtt,52
1785734705942,bot10,rtt,53
1785734705944,bot12,rtt,55
1785734705958,bot3,rtt,57
1785734705959,bot5,rtt,55
1785734705961,bot7,rtt,57
1785734705963,bot6,rtt,44
1785734705965,bot9,rtt,61
1785734705969,bot8,rtt,50
1785734705979,bot19,rtt,60
1785734705981,bot1,rtt,72
1785734705990,bot18,rtt,71
1785734705992,bot4,rtt,73
1785734705995,bot0,rtt,76
1785734705996,bot15,rtt,77
1785734705999,bot16,rtt,80
1785734706005,bot14,rtt,86
1785734706007,bot17,rtt,88
1785734706010,bot2,rtt,91
1785734706864,bot11,rtt,48
1785734706933,bot10,rtt,44
1785734706934,bot12,rtt,45
1785734706935,bot13,rtt,46
1785734706943,bot3,rtt,41
1785734706951,bot5,rtt,47
1785734706952,bot7,rtt,48
1785734706953,bot9,rtt,49
1785734706955,bot1,rtt,45
1785734706964,bot0,rtt,44
1785734706965,bot2,rtt,45
1785734706968,bot15,rtt,48
1785734706970,bot6,rtt,50
1785734706972,bot17,rtt,52
1785734706975,bot8,rtt,55
1785734706980,bot19,rtt,60
1785734706983,bot18,rtt,63
1785734706986,bot4,rtt,66
1785734706987,bot16,rtt,67
1785734706988,bot14,rtt,68
1785734707882,bot11,rtt,63
1785734707934,bot13,rtt,44
1785734707936,bot10,rtt,47
1785734707937,bot12,rtt,48
1785734707942,bot3,rtt,41
1785734707954,bot5,rtt,49
1785734707955,bot7,rtt,50
1785734707956,bot9,rtt,51
1785734707958,bot1,rtt,47
1785734707969,bot2,rtt,43
1785734707969,bot6,rtt,43
1785734707971,bot8,rtt,45
1785734707975,bot18,rtt,49
1785734707975,bot4,rtt,49
1785734707977,bot0,rtt,50
1785734707977,bot15,rtt,51
1785734707979,bot16,rtt,53
1785734707980,bot14,rtt,54
1785734707997,bot19,rtt,70
1785734708010,bot17,rtt,84
1785734708870,bot11,rtt,47
1785734708936,bot13,rtt,46
1785734708936,bot10,rtt,46
1785734708938,bot12,rtt,48
1785734708949,bot9,rtt,44
1785734708954,bot3,rtt,53
1785734708955,bot5,rtt,50
1785734708956,bot7,rtt,51
1785734708966,bot1,rtt,55
1785734708971,bot4,rtt,44
1785734708973,bot16,rtt,46
1785734708978,bot0,rtt,51
1785734708979,bot2,rtt,52
1785734708981,bot6,rtt,55
1785734708982,bot15,rtt,55
1785734708983,bot14,rtt,56
1785734708985,bot8,rtt,58
1785734708989,bot17,rtt,62
1785734708991,bot19,rtt,64
1785734708994,bot18,rtt,67
1785734709867,bot11,rtt,44
1785734709936,bot13,rtt,45
1785734709936,bot10,rtt,45
1785734709937,bot12,rtt,46
1785734709943,bot3,rtt,42
1785734709951,bot5,rtt,46
1785734709951,bot7,rtt,46
1785734709952,bot9,rtt,47
1785734709969,bot15,rtt,42
1785734709970,bot0,rtt,42
1785734709971,bot16,rtt,44
1785734709977,bot8,rtt,50
1785734709985,bot19,rtt,57
1785734709986,bot18,rtt,58
1785734709986,bot1,rtt,64
1785734709989,bot4,rtt,62
1785734709994,bot6,rtt,68
1785734709997,bot2,rtt,70
1785734709998,bot14,rtt,71
1785734710000,bot17,rtt,72
1785734710868,bot11,rtt,46
1785734710935,bot10,rtt,44
1785734710935,bot12,rtt,45
1785734710937,bot13,rtt,47
1785734710945,bot3,rtt,43
1785734710952,bot5,rtt,47
1785734710953,bot7,rtt,48
1785734710953,bot9,rtt,48
1785734710965,bot1,rtt,44
1785734710969,bot17,rtt,41
1785734710970,bot2,rtt,43
1785734710973,bot16,rtt,45
1785734710974,bot6,rtt,47
1785734710977,bot8,rtt,49
1785734710978,bot14,rtt,50
1785734710982,bot19,rtt,54
1785734710985,bot18,rtt,57
1785734710986,bot4,rtt,59
1785734710991,bot0,rtt,63
1785734710992,bot15,rtt,64
1785734711877,bot11,rtt,53
1785734711935,bot10,rtt,44
1785734711936,bot12,rtt,46
1785734711937,bot13,rtt,47
1785734711943,bot3,rtt,41
1785734711947,bot7,rtt,41
1785734711948,bot9,rtt,42
1785734711954,bot5,rtt,48
1785734711966,bot1,rtt,45
1785734711972,bot2,rtt,44
1785734711974,bot6,rtt,48
1785734711978,bot8,rtt,47
1785734711981,bot19,rtt,50
1785734711986,bot18,rtt,55
1785734711988,bot4,rtt,60
1785734711992,bot15,rtt,61
1785734711993,bot16,rtt,62
1785734711995,bot0,rtt,64
1785734711997,bot17,rtt,66
1785734711997,bot14,rtt,66
1785734712872,bot11,rtt,48
1785734712934,bot10,rtt,42
1785734712934,bot12,rtt,44
1785734712935,bot13,rtt,45
1785734712944,bot3,rtt,41
1785734712954,bot5,rtt,48
1785734712954,bot7,rtt,47
1785734712954,bot9,rtt,49
1785734712970,bot1,rtt,49
1785734712971,bot4,rtt,43
1785734712975,bot2,rtt,47
1785734712976,bot6,rtt,50
1785734712980,bot0,rtt,41
1785734712983,bot16,rtt,44
1785734712985,bot15,rtt,46
1785734712988,bot17,rtt,49
1785734712988,bot14,rtt,49
1785734712990,bot8,rtt,52
1785734712997,bot18,rtt,58
1785734712999,bot19,rtt,60
1785734713871,bot11,rtt,46
1785734713937,bot13,rtt,46
1785734713942,bot10,rtt,50
1785734713943,bot12,rtt,52
1785734713944,bot3,rtt,42
1785734713951,bot5,rtt,45
1785734713953,bot7,rtt,47
1785734713953,bot9,rtt,47
1785734713964,bot1,rtt,42
1785734713968,bot6,rtt,41
1785734713973,bot2,rtt,45
1785734713977,bot4,rtt,49
1785734713986,bot0,rtt,45
1785734713987,bot8,rtt,47
1785734713991,bot19,rtt,50
1785734713994,bot18,rtt,54
1785734713997,bot15,rtt,57
1785734713998,bot17,rtt,58
1785734713998,bot16,rtt,58
1785734714000,bot14,rtt,60
1785734714868,bot11,rtt,43
1785734714936,bot10,rtt,44
1785734714936,bot12,rtt,46
1785734714937,bot13,rtt,45
1785734714945,bot3,rtt,41
1785734714947,bot5,rtt,41
1785734714948,bot7,rtt,41
1785734714949,bot9,rtt,44
1785734714968,bot1,rtt,46
1785734714969,bot4,rtt,41
1785734714979,bot2,rtt,51
1785734714980,bot6,rtt,53
1785734714986,bot16,rtt,43
1785734714988,bot0,rtt,45
1785734714989,bot15,rtt,46
1785734714990,bot14,rtt,47
1785734714992,bot17,rtt,49
1785734714995,bot8,rtt,52
1785734715000,bot19,rtt,57
1785734715000,bot18,rtt,57
1785734715868,bot11,rtt,42
1785734715935,bot10,rtt,43
1785734715935,bot12,rtt,45
1785734715938,bot13,rtt,47
1785734715945,bot3,rtt,40
1785734715952,bot5,rtt,45
1785734715953,bot7,rtt,46
1785734715955,bot9,rtt,48
1785734715967,bot1,rtt,43
1785734715970,bot6,rtt,42
1785734715976,bot2,rtt,46
1785734715977,bot4,rtt,47
1785734715985,bot8,rtt,42
1785734715990,bot18,rtt,45
1785734715991,bot0,rtt,46
1785734715994,bot16,rtt,51
1785734715995,bot15,rtt,52
1785734715998,bot17,rtt,54
1785734715998,bot14,rtt,55
1785734716000,bot19,rtt,55
1785734716870,bot11,rtt,44
1785734716934,bot13,rtt,43
1785734716936,bot10,rtt,43
1785734716936,bot12,rtt,46
1785734716946,bot3,rtt,42
1785734716951,bot5,rtt,44
1785734716952,bot7,rtt,45
1785734716953,bot9,rtt,46
1785734716968,bot1,rtt,44
1785734716972,bot2,rtt,42
1785734716974,bot6,rtt,46
1785734716977,bot4,rtt,47
1785734716986,bot14,rtt,42
1785734716990,bot0,rtt,46
1785734716993,bot16,rtt,49
1785734716996,bot15,rtt,52
1785734716997,bot19,rtt,53
1785734716998,bot8,rtt,54
1785734716999,bot17,rtt,55
1785734717003,bot18,rtt,59
1785734717870,bot11,rtt,44
1785734717936,bot13,rtt,45
1785734717938,bot10,rtt,44
1785734717938,bot12,rtt,48
1785734717945,bot3,rtt,41
1785734717955,bot5,rtt,48
1785734717955,bot7,rtt,48
1785734717956,bot9,rtt,49
1785734717970,bot1,rtt,46
1785734717973,bot2,rtt,42
1785734717974,bot6,rtt,46
1785734717976,bot4,rtt,45
1785734717989,bot16,rtt,43
1785734717990,bot14,rtt,44
1785734717995,bot19,rtt,49
1785734717999,bot0,rtt,53
1785734718001,bot8,rtt,55
1785734718003,bot18,rtt,57
1785734718006,bot15,rtt,60
1785734718006,bot17,rtt,60
