1785733412249,tcp,192.111835
1785733412365,status,306.402726
1785733413063,tcp,5.58567
1785733413076,status,18.544097
1785733414064,tcp,5.657707
1785733414077,status,18.399236
1785733415065,tcp,5.644659
1785733415077,status,17.606681
1785733416066,tcp,5.842266
1785733416079,status,18.223316
1785733417067,tcp,5.611362
1785733417079,status,17.278225
1785733418068,tcp,5.495383
1785733418081,status,17.823041
1785733419069,tcp,5.624
1785733419082,status,18.4707
1785733420070,tcp,5.847023
1785733420083,status,18.269028
1785733421070,tcp,5.853523
1785733421086,status,20.373378
1785733422070,tcp,5.473065
1785733422084,status,17.996721
1785733423072,tcp,5.657963
1785733423084,status,17.931371
1785733424072,tcp,5.535472
1785733424085,status,17.608165
1785733425074,tcp,5.482572
1785733425086,status,17.145031
1785733426074,tcp,5.467324
1785733426087,status,17.730174
1785733427075,tcp,5.386859
1785733427087,status,17.048429
1785733428076,tcp,5.511341
1785733428088,status,17.153744
1785733429077,tcp,5.496831
1785733429090,status,17.813589
1785733430079,tcp,5.504783
1785733430091,status,17.038683
1785733431080,tcp,5.541331
1785733431092,status,17.536666
1785733432081,tcp,5.816133
1785733432094,status,18.755037
1785733433082,tcp,5.891709
1785733433095,status,18.403039
1785733434083,tcp,5.541315
1785733434105,status,27.206762
1785733435084,tcp,5.854068
1785733435138,status,58.962394
1785733436085,tcp,5.804658
1785733436137,status,57.15159
1785733437086,tcp,5.84281
1785733437133,status,52.465118
1785733438087,tcp,5.644348
1785733438133,status,51.6664
1785733439087,tcp,5.541022
1785733439129,status,46.831113
1785733440088,tcp,5.52577
1785733440136,status,52.659211
1785733441090,tcp,5.499937
1785733441126,status,41.395807
1785733442090,tcp,5.586657
1785733442440,status,354.783927
1785733443091,tcp,5.392426
1785733443127,status,40.493883
1785733444093,tcp,5.544023
1785733444147,status,59.360384
1785733445093,tcp,5.441532
1785733445133,status,45.386854
1785733446095,tcp,5.464014
1785733446678,status,588.50685
1785733447095,tcp,5.412407
1785733447136,status,45.892411
1785733448097,tcp,5.683174
1785733449098,tcp,5.399814
1785733449143,status,50.206818
1785733450099,tcp,5.74853
1785733451056,status,2964.792191
1785733451099,tcp,5.517148
1785733451131,status,36.769294
1785733452100,tcp,5.780597
1785733453100,tcp,5.626835
1785733453132,status,36.272152
1785733454095,status,-1
1785733454101,tcp,5.501114
1785733455100,tcp,5.552006
1785733455132,status,35.893655
1785733456098,status,-1
1785733456101,tcp,5.541638
1785733457102,tcp,5.479538
1785733457137,status,40.277818
1785733458099,status,-1
1785733458102,tcp,5.620676
1785733459103,tcp,5.73439
1785733459126,status,28.336566
1785733459344,status,3248.014829
1785733459762,status,1664.750911
1785733460103,tcp,5.486315
1785733460562,status,464.161155
1785733461105,tcp,5.410555
1785733461129,status,29.246281
1785733462105,tcp,5.430006
1785733462130,status,29.362031
1785733463105,tcp,5.528076
1785733463126,status,25.345595
1785733464106,tcp,5.555069
1785733464131,status,30.578189
1785733465107,tcp,5.559902
1785733465126,status,24.141249
1785733466108,tcp,5.491513
1785733466120,status,17.336603
1785733467109,tcp,5.592018
1785733467122,status,17.555578
1785733468110,tcp,5.504534
1785733468123,status,17.874769
1785733469112,tcp,5.424927
1785733469127,status,19.857117
1785733470113,tcp,5.456014
1785733470130,status,22.474682
1785733471113,tcp,5.489722
1785733471128,status,19.603534
1785733472114,tcp,5.42346
1785733472126,status,17.027859
1785733473115,tcp,5.404471
1785733473127,status,17.49103
1785733474116,tcp,5.483294
1785733474136,status,25.154767
1785733475117,tcp,5.46027
1785733475129,status,17.212539
1785733476117,tcp,5.405692
1785733476130,status,17.539575
1785733477118,tcp,5.465502
1785733477130,status,17.289582
1785733478119,tcp,5.44592
1785733478131,status,17.184434
1785733479120,tcp,5.474162
1785733479132,status,17.325857
1785733480121,tcp,5.482273
1785733480133,status,17.388767
1785733481123,tcp,5.528482
1785733481135,status,17.567185
1785733482124,tcp,5.799501
1785733482137,status,18.328574
1785733483125,tcp,5.601448
1785733483137,status,17.178644
1785733484126,tcp,5.287549
1785733484137,status,16.829107
1785733485126,tcp,5.377708
1785733485138,status,17.365205
1785733486127,tcp,5.46332
1785733486141,status,18.880268
1785733487129,tcp,5.666609
1785733487144,status,20.506163
1785733488130,tcp,5.475539
1785733488149,status,24.779128
1785733489131,tcp,5.343035
1785733489144,status,18.131517
1785733490132,tcp,5.399513
1785733490145,status,18.215634
1785733491132,tcp,5.444327
1785733491145,status,18.444428
1785733492134,tcp,5.324012
1785733492147,status,17.676082
1785733493136,tcp,5.491817
1785733493148,status,17.308805
1785733494137,tcp,5.402107
1785733494150,status,18.760478
1785733495137,tcp,5.390976
1785733495150,status,17.523903
1785733496138,tcp,5.410876
1785733496156,status,22.716671
1785733497140,tcp,5.474916
1785733497153,status,18.406766
1785733498140,tcp,5.445103
1785733498152,status,17.30043
1785733499141,tcp,5.382125
1785733499155,status,18.780371
1785733500142,tcp,5.610262
1785733500159,status,21.963733
1785733501144,tcp,5.726248
1785733501159,status,20.186079
1785733502145,tcp,5.655371
1785733502220,status,79.879613
1785733503146,tcp,5.422379
1785733503221,status,79.912917
1785733504147,tcp,5.386619
1785733504220,status,77.990042
1785733505147,tcp,5.563274
1785733505220,status,77.439695
1785733506149,tcp,5.533912
1785733506161,status,18.105014
1785733507150,tcp,5.308098
1785733507167,status,21.653747
1785733508151,tcp,5.411169
1785733508163,status,17.031393
1785733509152,tcp,5.397933
1785733509165,status,17.903309
1785733510153,tcp,5.388771
1785733510220,status,71.707025
1785733511154,tcp,5.386732
1785733511167,status,17.362445
1785733512155,tcp,5.411063
1785733512167,status,17.186537
1785733513156,tcp,5.38843
1785733513222,status,70.814043
1785733514157,tcp,5.444123
1785733514255,status,102.458658
1785733515158,tcp,5.55293
1785733515170,status,17.1954
1785733516160,tcp,5.559815
1785733516226,status,70.599323
1785733517161,tcp,5.614402
1785733517237,status,82.145274
1785733518162,tcp,5.75436
1785733518220,status,63.63601
1785733519163,tcp,5.558358
1785733519175,status,17.827135
1785733520164,tcp,5.604994
1785733520178,status,18.720945
1785733521164,tcp,5.575382
1785733521178,status,18.539674
1785733522166,tcp,5.574406
1785733522226,status,65.166724
1785733523166,tcp,5.387009
1785733523178,status,16.980433
1785733524167,tcp,5.341887
1785733524179,status,17.088187
1785733525168,tcp,5.395144
1785733525254,status,90.937901
1785733526169,tcp,5.451184
1785733526181,status,17.008072
1785733527170,tcp,5.433905
1785733527182,status,17.143886
1785733528171,tcp,5.487736
1785733528183,status,17.310934
1785733529173,tcp,5.486475
1785733529185,status,17.407004
1785733530173,tcp,5.563442
1785733530235,status,67.216141
1785733531174,tcp,5.582923
1785733531187,status,18.050754
1785733532175,tcp,5.595654
1785733532188,status,17.662914
1785733533176,tcp,5.403932
1785733533188,status,17.430346
1785733534177,tcp,5.486678
1785733534195,status,22.746042
1785733535178,tcp,5.34597
1785733535252,status,78.70088
1785733536180,tcp,5.46139
1785733536229,status,54.016076
1785733537180,tcp,5.435721
1785733537320,status,145.327827
1785733538181,tcp,5.375691
1785733538231,status,54.678822
1785733539182,tcp,5.327972
1785733539226,status,49.103156
1785733540183,tcp,5.340221
1785733540227,status,48.76732
1785733541185,tcp,5.465776
1785733541227,status,47.331311
1785733542186,tcp,5.600195
1785733542232,status,51.395147
1785733543186,tcp,5.372648
1785733543230,status,48.527881
1785733544187,tcp,5.453494
1785733544229,status,46.559547
1785733545188,tcp,5.703666
1785733545226,status,42.887341
1785733546189,tcp,5.467361
1785733546229,status,45.179277
1785733547191,tcp,5.531209
1785733547228,status,41.793844
1785733548191,tcp,5.481772
1785733548207,status,21.309518
1785733549193,tcp,5.443513
1785733549205,status,17.245992
1785733550194,tcp,5.956712
1785733550235,status,46.7633
1785733551195,tcp,5.485231
1785733551209,status,18.713882
1785733552196,tcp,5.493664
1785733552208,status,17.429521
1785733553197,tcp,5.52278
1785733553209,status,17.040348
1785733554199,tcp,5.499375
1785733554211,status,17.182363
1785733555199,tcp,5.392915
1785733555212,status,17.542484
1785733556200,tcp,5.504537
1785733556236,status,40.974109
1785733557201,tcp,5.570425
1785733557226,status,29.402348
1785733558202,tcp,5.409363
1785733558231,status,33.519559
1785733559203,tcp,5.533862
1785733559228,status,29.813028
1785733560205,tcp,5.488929
1785733560217,status,17.48726
1785733561205,tcp,5.516983
1785733561230,status,29.912672
1785733562206,tcp,5.519679
1785733562227,status,25.616321
1785733563207,tcp,5.533258
1785733563238,status,36.351339
1785733564209,tcp,5.76865
1785733564231,status,27.777685
1785733565209,tcp,5.590384
1785733565226,status,21.740707
1785733566211,tcp,5.442339
1785733566232,status,26.701336
1785733567212,tcp,5.502276
1785733567225,status,17.90782
1785733568213,tcp,5.404511
1785733568225,status,17.155232
1785733569214,tcp,5.529721
1785733569227,status,17.457543
1785733570215,tcp,5.587799
1785733570228,status,17.93252
1785733571217,tcp,5.432122
1785733571232,status,20.124661
1785733572218,tcp,5.476218
1785733572231,status,18.358999
